EMAIL,FIRSTNAME,LASTNAME,SMS,DOB,ORDER_ID
abc0@gmail.com,abc,def,9800000001,2022-11-11 10:43:21 +0000 UTC,0
abc1@gmail.com,abc,def,9800000002,2022-11-11 10:43:21 +0000 UTC,1
abc2@gmail.com,abc,def,9800000003,2022-11-11 10:43:21 +0000 UTC,2
abc3@gmail.com,abc,def,9800000004,2022-11-11 10:43:21 +0000 UTC,3
abc4@gmail.com,abc,def,9800000005,2022-11-11 10:43:21 +0000 UTC,4
abc5@gmail.com,abc,def,9800000006,2022-11-11 10:43:21 +0000 UTC,5
abc6@gmail.com,abc,def,9800000007,2022-11-11 10:43:21 +0000 UTC,6
abc7@gmail.com,abc,def,9800000008,2022-11-11 10:43:21 +0000 UTC,7
abc8@gmail.com,abc,def,9800000009,2022-11-11 10:43:21 +0000 UTC,8
abc9@gmail.com,abc,def,9800000010,2022-11-11 10:43:21 +0000 UTC,9
abc10@gmail.com,abc,def,9800000011,2022-11-11 10:43:21 +0000 UTC,10
abc11@gmail.com,abc,def,9800000012,2022-11-11 10:43:21 +0000 UTC,11
abc12@gmail.com,abc,def,9800000013,2022-11-11 10:43:21 +0000 UTC,12
abc13@gmail.com,abc,def,9800000014,2022-11-11 10:43:21 +0000 UTC,13
abc14@gmail.com,abc,def,9800000015,2022-11-11 10:43:21 +0000 UTC,14
abc15@gmail.com,abc,def,9800000016,2022-11-11 10:43:21 +0000 UTC,15
abc16@gmail.com,abc,def,9800000017,2022-11-11 10:43:21 +0000 UTC,16
abc17@gmail.com,abc,def,9800000018,2022-11-11 10:43:21 +0000 UTC,17
abc18@gmail.com,abc,def,9800000019,2022-11-11 10:43:21 +0000 UTC,18
abc19@gmail.com,abc,def,9800000020,2022-11-11 10:43:21 +0000 UTC,19
abc20@gmail.com,abc,def,9800000021,2022-11-11 10:43:21 +0000 UTC,20
abc21@gmail.com,abc,def,9800000022,2022-11-11 10:43:21 +0000 UTC,21
abc22@gmail.com,abc,def,9800000023,2022-11-11 10:43:21 +0000 UTC,22
abc23@gmail.com,abc,def,9800000024,2022-11-11 10:43:21 +0000 UTC,23
abc24@gmail.com,abc,def,9800000025,2022-11-11 10:43:21 +0000 UTC,24
abc25@gmail.com,abc,def,9800000026,2022-11-11 10:43:21 +0000 UTC,25
abc26@gmail.com,abc,def,9800000027,2022-11-11 10:43:21 +0000 UTC,26
abc27@gmail.com,abc,def,9800000028,2022-11-11 10:43:21 +0000 UTC,27
abc28@gmail.com,abc,def,9800000029,2022-11-11 10:43:21 +0000 UTC,28
abc29@gmail.com,abc,def,9800000030,2022-11-11 10:43:21 +0000 UTC,29
abc30@gmail.com,abc,def,9800000031,2022-11-11 10:43:21 +0000 UTC,30
abc31@gmail.com,abc,def,9800000032,2022-11-11 10:43:21 +0000 UTC,31
abc32@gmail.com,abc,def,9800000033,2022-11-11 10:43:21 +0000 UTC,32
abc33@gmail.com,abc,def,9800000034,2022-11-11 10:43:21 +0000 UTC,33
abc34@gmail.com,abc,def,9800000035,2022-11-11 10:43:21 +0000 UTC,34
abc35@gmail.com,abc,def,9800000036,2022-11-11 10:43:21 +0000 UTC,35
abc36@gmail.com,abc,def,9800000037,2022-11-11 10:43:21 +0000 UTC,36
abc37@gmail.com,abc,def,9800000038,2022-11-11 10:43:21 +0000 UTC,37
abc38@gmail.com,abc,def,9800000039,2022-11-11 10:43:21 +0000 UTC,38
abc39@gmail.com,abc,def,9800000040,2022-11-11 10:43:21 +0000 UTC,39
abc40@gmail.com,abc,def,9800000041,2022-11-11 10:43:21 +0000 UTC,40
abc41@gmail.com,abc,def,9800000042,2022-11-11 10:43:21 +0000 UTC,41
abc42@gmail.com,abc,def,9800000043,2022-11-11 10:43:21 +0000 UTC,42
abc43@gmail.com,abc,def,9800000044,2022-11-11 10:43:21 +0000 UTC,43
abc44@gmail.com,abc,def,9800000045,2022-11-11 10:43:21 +0000 UTC,44
abc45@gmail.com,abc,def,9800000046,2022-11-11 10:43:21 +0000 UTC,45
abc46@gmail.com,abc,def,9800000047,2022-11-11 10:43:21 +0000 UTC,46
abc47@gmail.com,abc,def,9800000048,2022-11-11 10:43:21 +0000 UTC,47
abc48@gmail.com,abc,def,9800000049,2022-11-11 10:43:21 +0000 UTC,48
abc49@gmail.com,abc,def,9800000050,2022-11-11 10:43:21 +0000 UTC,49
abc50@gmail.com,abc,def,9800000051,2022-11-11 10:43:21 +0000 UTC,50
abc51@gmail.com,abc,def,9800000052,2022-11-11 10:43:21 +0000 UTC,51
abc52@gmail.com,abc,def,9800000053,2022-11-11 10:43:21 +0000 UTC,52
abc53@gmail.com,abc,def,9800000054,2022-11-11 10:43:21 +0000 UTC,53
abc54@gmail.com,abc,def,9800000055,2022-11-11 10:43:21 +0000 UTC,54
abc55@gmail.com,abc,def,9800000056,2022-11-11 10:43:21 +0000 UTC,55
abc56@gmail.com,abc,def,9800000057,2022-11-11 10:43:21 +0000 UTC,56
abc57@gmail.com,abc,def,9800000058,2022-11-11 10:43:21 +0000 UTC,57
abc58@gmail.com,abc,def,9800000059,2022-11-11 10:43:21 +0000 UTC,58
abc59@gmail.com,abc,def,9800000060,2022-11-11 10:43:21 +0000 UTC,59
abc60@gmail.com,abc,def,9800000061,2022-11-11 10:43:21 +0000 UTC,60
abc61@gmail.com,abc,def,9800000062,2022-11-11 10:43:21 +0000 UTC,61
abc62@gmail.com,abc,def,9800000063,2022-11-11 10:43:21 +0000 UTC,62
abc63@gmail.com,abc,def,9800000064,2022-11-11 10:43:21 +0000 UTC,63
abc64@gmail.com,abc,def,9800000065,2022-11-11 10:43:21 +0000 UTC,64
abc65@gmail.com,abc,def,9800000066,2022-11-11 10:43:21 +0000 UTC,65
abc66@gmail.com,abc,def,9800000067,2022-11-11 10:43:21 +0000 UTC,66
abc67@gmail.com,abc,def,9800000068,2022-11-11 10:43:21 +0000 UTC,67
abc68@gmail.com,abc,def,9800000069,2022-11-11 10:43:21 +0000 UTC,68
abc69@gmail.com,abc,def,9800000070,2022-11-11 10:43:21 +0000 UTC,69
abc70@gmail.com,abc,def,9800000071,2022-11-11 10:43:21 +0000 UTC,70
abc71@gmail.com,abc,def,9800000072,2022-11-11 10:43:21 +0000 UTC,71
abc72@gmail.com,abc,def,9800000073,2022-11-11 10:43:21 +0000 UTC,72
abc73@gmail.com,abc,def,9800000074,2022-11-11 10:43:21 +0000 UTC,73
abc74@gmail.com,abc,def,9800000075,2022-11-11 10:43:21 +0000 UTC,74
abc75@gmail.com,abc,def,9800000076,2022-11-11 10:43:21 +0000 UTC,75
abc76@gmail.com,abc,def,9800000077,2022-11-11 10:43:21 +0000 UTC,76
abc77@gmail.com,abc,def,9800000078,2022-11-11 10:43:21 +0000 UTC,77
abc78@gmail.com,abc,def,9800000079,2022-11-11 10:43:21 +0000 UTC,78
abc79@gmail.com,abc,def,9800000080,2022-11-11 10:43:21 +0000 UTC,79
abc80@gmail.com,abc,def,9800000081,2022-11-11 10:43:21 +0000 UTC,80
abc81@gmail.com,abc,def,9800000082,2022-11-11 10:43:21 +0000 UTC,81
abc82@gmail.com,abc,def,9800000083,2022-11-11 10:43:21 +0000 UTC,82
abc83@gmail.com,abc,def,9800000084,2022-11-11 10:43:21 +0000 UTC,83
abc84@gmail.com,abc,def,9800000085,2022-11-11 10:43:21 +0000 UTC,84
abc85@gmail.com,abc,def,9800000086,2022-11-11 10:43:21 +0000 UTC,85
abc86@gmail.com,abc,def,9800000087,2022-11-11 10:43:21 +0000 UTC,86
abc87@gmail.com,abc,def,9800000088,2022-11-11 10:43:21 +0000 UTC,87
abc88@gmail.com,abc,def,9800000089,2022-11-11 10:43:21 +0000 UTC,88
abc89@gmail.com,abc,def,9800000090,2022-11-11 10:43:21 +0000 UTC,89
abc90@gmail.com,abc,def,9800000091,2022-11-11 10:43:21 +0000 UTC,90
abc91@gmail.com,abc,def,9800000092,2022-11-11 10:43:21 +0000 UTC,91
abc92@gmail.com,abc,def,9800000093,2022-11-11 10:43:21 +0000 UTC,92
abc93@gmail.com,abc,def,9800000094,2022-11-11 10:43:21 +0000 UTC,93
abc94@gmail.com,abc,def,9800000095,2022-11-11 10:43:21 +0000 UTC,94
abc95@gmail.com,abc,def,9800000096,2022-11-11 10:43:21 +0000 UTC,95
abc96@gmail.com,abc,def,9800000097,2022-11-11 10:43:21 +0000 UTC,96
abc97@gmail.com,abc,def,9800000098,2022-11-11 10:43:21 +0000 UTC,97
abc98@gmail.com,abc,def,9800000099,2022-11-11 10:43:21 +0000 UTC,98
abc99@gmail.com,abc,def,9800000100,2022-11-11 10:43:21 +0000 UTC,99
abc100@gmail.com,abc,def,9800000101,2022-11-11 10:43:21 +0000 UTC,100
abc101@gmail.com,abc,def,9800000102,2022-11-11 10:43:21 +0000 UTC,101
abc102@gmail.com,abc,def,9800000103,2022-11-11 10:43:21 +0000 UTC,102
abc103@gmail.com,abc,def,9800000104,2022-11-11 10:43:21 +0000 UTC,103
abc104@gmail.com,abc,def,9800000105,2022-11-11 10:43:21 +0000 UTC,104
abc105@gmail.com,abc,def,9800000106,2022-11-11 10:43:21 +0000 UTC,105
abc106@gmail.com,abc,def,9800000107,2022-11-11 10:43:21 +0000 UTC,106
abc107@gmail.com,abc,def,9800000108,2022-11-11 10:43:21 +0000 UTC,107
abc108@gmail.com,abc,def,9800000109,2022-11-11 10:43:21 +0000 UTC,108
abc109@gmail.com,abc,def,9800000110,2022-11-11 10:43:21 +0000 UTC,109
abc110@gmail.com,abc,def,9800000111,2022-11-11 10:43:21 +0000 UTC,110
abc111@gmail.com,abc,def,9800000112,2022-11-11 10:43:21 +0000 UTC,111
abc112@gmail.com,abc,def,9800000113,2022-11-11 10:43:21 +0000 UTC,112
abc113@gmail.com,abc,def,9800000114,2022-11-11 10:43:21 +0000 UTC,113
abc114@gmail.com,abc,def,9800000115,2022-11-11 10:43:21 +0000 UTC,114
abc115@gmail.com,abc,def,9800000116,2022-11-11 10:43:21 +0000 UTC,115
abc116@gmail.com,abc,def,9800000117,2022-11-11 10:43:21 +0000 UTC,116
abc117@gmail.com,abc,def,9800000118,2022-11-11 10:43:21 +0000 UTC,117
abc118@gmail.com,abc,def,9800000119,2022-11-11 10:43:21 +0000 UTC,118
abc119@gmail.com,abc,def,9800000120,2022-11-11 10:43:21 +0000 UTC,119
abc120@gmail.com,abc,def,9800000121,2022-11-11 10:43:21 +0000 UTC,120
abc121@gmail.com,abc,def,9800000122,2022-11-11 10:43:21 +0000 UTC,121
abc122@gmail.com,abc,def,9800000123,2022-11-11 10:43:21 +0000 UTC,122
abc123@gmail.com,abc,def,9800000124,2022-11-11 10:43:21 +0000 UTC,123
abc124@gmail.com,abc,def,9800000125,2022-11-11 10:43:21 +0000 UTC,124
abc125@gmail.com,abc,def,9800000126,2022-11-11 10:43:21 +0000 UTC,125
abc126@gmail.com,abc,def,9800000127,2022-11-11 10:43:21 +0000 UTC,126
abc127@gmail.com,abc,def,9800000128,2022-11-11 10:43:21 +0000 UTC,127
abc128@gmail.com,abc,def,9800000129,2022-11-11 10:43:21 +0000 UTC,128
abc129@gmail.com,abc,def,9800000130,2022-11-11 10:43:21 +0000 UTC,129
abc130@gmail.com,abc,def,9800000131,2022-11-11 10:43:21 +0000 UTC,130
abc131@gmail.com,abc,def,9800000132,2022-11-11 10:43:21 +0000 UTC,131
abc132@gmail.com,abc,def,9800000133,2022-11-11 10:43:21 +0000 UTC,132
abc133@gmail.com,abc,def,9800000134,2022-11-11 10:43:21 +0000 UTC,133
abc134@gmail.com,abc,def,9800000135,2022-11-11 10:43:21 +0000 UTC,134
abc135@gmail.com,abc,def,9800000136,2022-11-11 10:43:21 +0000 UTC,135
abc136@gmail.com,abc,def,9800000137,2022-11-11 10:43:21 +0000 UTC,136
abc137@gmail.com,abc,def,9800000138,2022-11-11 10:43:21 +0000 UTC,137
abc138@gmail.com,abc,def,9800000139,2022-11-11 10:43:21 +0000 UTC,138
abc139@gmail.com,abc,def,9800000140,2022-11-11 10:43:21 +0000 UTC,139
abc140@gmail.com,abc,def,9800000141,2022-11-11 10:43:21 +0000 UTC,140
abc141@gmail.com,abc,def,9800000142,2022-11-11 10:43:21 +0000 UTC,141
abc142@gmail.com,abc,def,9800000143,2022-11-11 10:43:21 +0000 UTC,142
abc143@gmail.com,abc,def,9800000144,2022-11-11 10:43:21 +0000 UTC,143
abc144@gmail.com,abc,def,9800000145,2022-11-11 10:43:21 +0000 UTC,144
abc145@gmail.com,abc,def,9800000146,2022-11-11 10:43:21 +0000 UTC,145
abc146@gmail.com,abc,def,9800000147,2022-11-11 10:43:21 +0000 UTC,146
abc147@gmail.com,abc,def,9800000148,2022-11-11 10:43:21 +0000 UTC,147
abc148@gmail.com,abc,def,9800000149,2022-11-11 10:43:21 +0000 UTC,148
abc149@gmail.com,abc,def,9800000150,2022-11-11 10:43:21 +0000 UTC,149
abc150@gmail.com,abc,def,9800000151,2022-11-11 10:43:21 +0000 UTC,150
abc151@gmail.com,abc,def,9800000152,2022-11-11 10:43:21 +0000 UTC,151
abc152@gmail.com,abc,def,9800000153,2022-11-11 10:43:21 +0000 UTC,152
abc153@gmail.com,abc,def,9800000154,2022-11-11 10:43:21 +0000 UTC,153
abc154@gmail.com,abc,def,9800000155,2022-11-11 10:43:21 +0000 UTC,154
abc155@gmail.com,abc,def,9800000156,2022-11-11 10:43:21 +0000 UTC,155
abc156@gmail.com,abc,def,9800000157,2022-11-11 10:43:21 +0000 UTC,156
abc157@gmail.com,abc,def,9800000158,2022-11-11 10:43:21 +0000 UTC,157
abc158@gmail.com,abc,def,9800000159,2022-11-11 10:43:21 +0000 UTC,158
abc159@gmail.com,abc,def,9800000160,2022-11-11 10:43:21 +0000 UTC,159
abc160@gmail.com,abc,def,9800000161,2022-11-11 10:43:21 +0000 UTC,160
abc161@gmail.com,abc,def,9800000162,2022-11-11 10:43:21 +0000 UTC,161
abc162@gmail.com,abc,def,9800000163,2022-11-11 10:43:21 +0000 UTC,162
abc163@gmail.com,abc,def,9800000164,2022-11-11 10:43:21 +0000 UTC,163
abc164@gmail.com,abc,def,9800000165,2022-11-11 10:43:21 +0000 UTC,164
abc165@gmail.com,abc,def,9800000166,2022-11-11 10:43:21 +0000 UTC,165
abc166@gmail.com,abc,def,9800000167,2022-11-11 10:43:21 +0000 UTC,166
abc167@gmail.com,abc,def,9800000168,2022-11-11 10:43:21 +0000 UTC,167
abc168@gmail.com,abc,def,9800000169,2022-11-11 10:43:21 +0000 UTC,168
abc169@gmail.com,abc,def,9800000170,2022-11-11 10:43:21 +0000 UTC,169
abc170@gmail.com,abc,def,9800000171,2022-11-11 10:43:21 +0000 UTC,170
abc171@gmail.com,abc,def,9800000172,2022-11-11 10:43:21 +0000 UTC,171
abc172@gmail.com,abc,def,9800000173,2022-11-11 10:43:21 +0000 UTC,172
abc173@gmail.com,abc,def,9800000174,2022-11-11 10:43:21 +0000 UTC,173
abc174@gmail.com,abc,def,9800000175,2022-11-11 10:43:21 +0000 UTC,174
abc175@gmail.com,abc,def,9800000176,2022-11-11 10:43:21 +0000 UTC,175
abc176@gmail.com,abc,def,9800000177,2022-11-11 10:43:21 +0000 UTC,176
abc177@gmail.com,abc,def,9800000178,2022-11-11 10:43:21 +0000 UTC,177
abc178@gmail.com,abc,def,9800000179,2022-11-11 10:43:21 +0000 UTC,178
abc179@gmail.com,abc,def,9800000180,2022-11-11 10:43:21 +0000 UTC,179
abc180@gmail.com,abc,def,9800000181,2022-11-11 10:43:21 +0000 UTC,180
abc181@gmail.com,abc,def,9800000182,2022-11-11 10:43:21 +0000 UTC,181
abc182@gmail.com,abc,def,9800000183,2022-11-11 10:43:21 +0000 UTC,182
abc183@gmail.com,abc,def,9800000184,2022-11-11 10:43:21 +0000 UTC,183
abc184@gmail.com,abc,def,9800000185,2022-11-11 10:43:21 +0000 UTC,184
abc185@gmail.com,abc,def,9800000186,2022-11-11 10:43:21 +0000 UTC,185
abc186@gmail.com,abc,def,9800000187,2022-11-11 10:43:21 +0000 UTC,186
abc187@gmail.com,abc,def,9800000188,2022-11-11 10:43:21 +0000 UTC,187
abc188@gmail.com,abc,def,9800000189,2022-11-11 10:43:21 +0000 UTC,188
abc189@gmail.com,abc,def,9800000190,2022-11-11 10:43:21 +0000 UTC,189
abc190@gmail.com,abc,def,9800000191,2022-11-11 10:43:21 +0000 UTC,190
abc191@gmail.com,abc,def,9800000192,2022-11-11 10:43:21 +0000 UTC,191
abc192@gmail.com,abc,def,9800000193,2022-11-11 10:43:21 +0000 UTC,192
abc193@gmail.com,abc,def,9800000194,2022-11-11 10:43:21 +0000 UTC,193
abc194@gmail.com,abc,def,9800000195,2022-11-11 10:43:21 +0000 UTC,194
abc195@gmail.com,abc,def,9800000196,2022-11-11 10:43:21 +0000 UTC,195
abc196@gmail.com,abc,def,9800000197,2022-11-11 10:43:21 +0000 UTC,196
abc197@gmail.com,abc,def,9800000198,2022-11-11 10:43:21 +0000 UTC,197
abc198@gmail.com,abc,def,9800000199,2022-11-11 10:43:21 +0000 UTC,198
abc199@gmail.com,abc,def,9800000200,2022-11-11 10:43:21 +0000 UTC,199
abc200@gmail.com,abc,def,9800000201,2022-11-11 10:43:21 +0000 UTC,200
abc201@gmail.com,abc,def,9800000202,2022-11-11 10:43:21 +0000 UTC,201
abc202@gmail.com,abc,def,9800000203,2022-11-11 10:43:21 +0000 UTC,202
abc203@gmail.com,abc,def,9800000204,2022-11-11 10:43:21 +0000 UTC,203
abc204@gmail.com,abc,def,9800000205,2022-11-11 10:43:21 +0000 UTC,204
abc205@gmail.com,abc,def,9800000206,2022-11-11 10:43:21 +0000 UTC,205
abc206@gmail.com,abc,def,9800000207,2022-11-11 10:43:21 +0000 UTC,206
abc207@gmail.com,abc,def,9800000208,2022-11-11 10:43:21 +0000 UTC,207
abc208@gmail.com,abc,def,9800000209,2022-11-11 10:43:21 +0000 UTC,208
abc209@gmail.com,abc,def,9800000210,2022-11-11 10:43:21 +0000 UTC,209
abc210@gmail.com,abc,def,9800000211,2022-11-11 10:43:21 +0000 UTC,210
abc211@gmail.com,abc,def,9800000212,2022-11-11 10:43:21 +0000 UTC,211
abc212@gmail.com,abc,def,9800000213,2022-11-11 10:43:21 +0000 UTC,212
abc213@gmail.com,abc,def,9800000214,2022-11-11 10:43:21 +0000 UTC,213
abc214@gmail.com,abc,def,9800000215,2022-11-11 10:43:21 +0000 UTC,214
abc215@gmail.com,abc,def,9800000216,2022-11-11 10:43:21 +0000 UTC,215
abc216@gmail.com,abc,def,9800000217,2022-11-11 10:43:21 +0000 UTC,216
abc217@gmail.com,abc,def,9800000218,2022-11-11 10:43:21 +0000 UTC,217
abc218@gmail.com,abc,def,9800000219,2022-11-11 10:43:21 +0000 UTC,218
abc219@gmail.com,abc,def,9800000220,2022-11-11 10:43:21 +0000 UTC,219
abc220@gmail.com,abc,def,9800000221,2022-11-11 10:43:21 +0000 UTC,220
abc221@gmail.com,abc,def,9800000222,2022-11-11 10:43:21 +0000 UTC,221
abc222@gmail.com,abc,def,9800000223,2022-11-11 10:43:21 +0000 UTC,222
abc223@gmail.com,abc,def,9800000224,2022-11-11 10:43:21 +0000 UTC,223
abc224@gmail.com,abc,def,9800000225,2022-11-11 10:43:21 +0000 UTC,224
abc225@gmail.com,abc,def,9800000226,2022-11-11 10:43:21 +0000 UTC,225
abc226@gmail.com,abc,def,9800000227,2022-11-11 10:43:21 +0000 UTC,226
abc227@gmail.com,abc,def,9800000228,2022-11-11 10:43:21 +0000 UTC,227
abc228@gmail.com,abc,def,9800000229,2022-11-11 10:43:21 +0000 UTC,228
abc229@gmail.com,abc,def,9800000230,2022-11-11 10:43:21 +0000 UTC,229
abc230@gmail.com,abc,def,9800000231,2022-11-11 10:43:21 +0000 UTC,230
abc231@gmail.com,abc,def,9800000232,2022-11-11 10:43:21 +0000 UTC,231
abc232@gmail.com,abc,def,9800000233,2022-11-11 10:43:21 +0000 UTC,232
abc233@gmail.com,abc,def,9800000234,2022-11-11 10:43:21 +0000 UTC,233
abc234@gmail.com,abc,def,9800000235,2022-11-11 10:43:21 +0000 UTC,234
abc235@gmail.com,abc,def,9800000236,2022-11-11 10:43:21 +0000 UTC,235
abc236@gmail.com,abc,def,9800000237,2022-11-11 10:43:21 +0000 UTC,236
abc237@gmail.com,abc,def,9800000238,2022-11-11 10:43:21 +0000 UTC,237
abc238@gmail.com,abc,def,9800000239,2022-11-11 10:43:21 +0000 UTC,238
abc239@gmail.com,abc,def,9800000240,2022-11-11 10:43:21 +0000 UTC,239
abc240@gmail.com,abc,def,9800000241,2022-11-11 10:43:21 +0000 UTC,240
abc241@gmail.com,abc,def,9800000242,2022-11-11 10:43:21 +0000 UTC,241
abc242@gmail.com,abc,def,9800000243,2022-11-11 10:43:21 +0000 UTC,242
abc243@gmail.com,abc,def,9800000244,2022-11-11 10:43:21 +0000 UTC,243
abc244@gmail.com,abc,def,9800000245,2022-11-11 10:43:21 +0000 UTC,244
abc245@gmail.com,abc,def,9800000246,2022-11-11 10:43:21 +0000 UTC,245
abc246@gmail.com,abc,def,9800000247,2022-11-11 10:43:21 +0000 UTC,246
abc247@gmail.com,abc,def,9800000248,2022-11-11 10:43:21 +0000 UTC,247
abc248@gmail.com,abc,def,9800000249,2022-11-11 10:43:21 +0000 UTC,248
abc249@gmail.com,abc,def,9800000250,2022-11-11 10:43:21 +0000 UTC,249
abc250@gmail.com,abc,def,9800000251,2022-11-11 10:43:21 +0000 UTC,250
abc251@gmail.com,abc,def,9800000252,2022-11-11 10:43:21 +0000 UTC,251
abc252@gmail.com,abc,def,9800000253,2022-11-11 10:43:21 +0000 UTC,252
abc253@gmail.com,abc,def,9800000254,2022-11-11 10:43:21 +0000 UTC,253
abc254@gmail.com,abc,def,9800000255,2022-11-11 10:43:21 +0000 UTC,254
abc255@gmail.com,abc,def,9800000256,2022-11-11 10:43:21 +0000 UTC,255
abc256@gmail.com,abc,def,9800000257,2022-11-11 10:43:21 +0000 UTC,256
abc257@gmail.com,abc,def,9800000258,2022-11-11 10:43:21 +0000 UTC,257
abc258@gmail.com,abc,def,9800000259,2022-11-11 10:43:21 +0000 UTC,258
abc259@gmail.com,abc,def,9800000260,2022-11-11 10:43:21 +0000 UTC,259
abc260@gmail.com,abc,def,9800000261,2022-11-11 10:43:21 +0000 UTC,260
abc261@gmail.com,abc,def,9800000262,2022-11-11 10:43:21 +0000 UTC,261
abc262@gmail.com,abc,def,9800000263,2022-11-11 10:43:21 +0000 UTC,262
abc263@gmail.com,abc,def,9800000264,2022-11-11 10:43:21 +0000 UTC,263
abc264@gmail.com,abc,def,9800000265,2022-11-11 10:43:21 +0000 UTC,264
abc265@gmail.com,abc,def,9800000266,2022-11-11 10:43:21 +0000 UTC,265
abc266@gmail.com,abc,def,9800000267,2022-11-11 10:43:21 +0000 UTC,266
abc267@gmail.com,abc,def,9800000268,2022-11-11 10:43:21 +0000 UTC,267
abc268@gmail.com,abc,def,9800000269,2022-11-11 10:43:21 +0000 UTC,268
abc269@gmail.com,abc,def,9800000270,2022-11-11 10:43:21 +0000 UTC,269
abc270@gmail.com,abc,def,9800000271,2022-11-11 10:43:21 +0000 UTC,270
abc271@gmail.com,abc,def,9800000272,2022-11-11 10:43:21 +0000 UTC,271
abc272@gmail.com,abc,def,9800000273,2022-11-11 10:43:21 +0000 UTC,272
abc273@gmail.com,abc,def,9800000274,2022-11-11 10:43:21 +0000 UTC,273
abc274@gmail.com,abc,def,9800000275,2022-11-11 10:43:21 +0000 UTC,274
abc275@gmail.com,abc,def,9800000276,2022-11-11 10:43:21 +0000 UTC,275
abc276@gmail.com,abc,def,9800000277,2022-11-11 10:43:21 +0000 UTC,276
abc277@gmail.com,abc,def,9800000278,2022-11-11 10:43:21 +0000 UTC,277
abc278@gmail.com,abc,def,9800000279,2022-11-11 10:43:21 +0000 UTC,278
abc279@gmail.com,abc,def,9800000280,2022-11-11 10:43:21 +0000 UTC,279
abc280@gmail.com,abc,def,9800000281,2022-11-11 10:43:21 +0000 UTC,280
abc281@gmail.com,abc,def,9800000282,2022-11-11 10:43:21 +0000 UTC,281
abc282@gmail.com,abc,def,9800000283,2022-11-11 10:43:21 +0000 UTC,282
abc283@gmail.com,abc,def,9800000284,2022-11-11 10:43:21 +0000 UTC,283
abc284@gmail.com,abc,def,9800000285,2022-11-11 10:43:21 +0000 UTC,284
abc285@gmail.com,abc,def,9800000286,2022-11-11 10:43:21 +0000 UTC,285
abc286@gmail.com,abc,def,9800000287,2022-11-11 10:43:21 +0000 UTC,286
abc287@gmail.com,abc,def,9800000288,2022-11-11 10:43:21 +0000 UTC,287
abc288@gmail.com,abc,def,9800000289,2022-11-11 10:43:21 +0000 UTC,288
abc289@gmail.com,abc,def,9800000290,2022-11-11 10:43:21 +0000 UTC,289
abc290@gmail.com,abc,def,9800000291,2022-11-11 10:43:21 +0000 UTC,290
abc291@gmail.com,abc,def,9800000292,2022-11-11 10:43:21 +0000 UTC,291
abc292@gmail.com,abc,def,9800000293,2022-11-11 10:43:21 +0000 UTC,292
abc293@gmail.com,abc,def,9800000294,2022-11-11 10:43:21 +0000 UTC,293
abc294@gmail.com,abc,def,9800000295,2022-11-11 10:43:21 +0000 UTC,294
abc295@gmail.com,abc,def,9800000296,2022-11-11 10:43:21 +0000 UTC,295
abc296@gmail.com,abc,def,9800000297,2022-11-11 10:43:21 +0000 UTC,296
abc297@gmail.com,abc,def,9800000298,2022-11-11 10:43:21 +0000 UTC,297
abc298@gmail.com,abc,def,9800000299,2022-11-11 10:43:21 +0000 UTC,298
abc299@gmail.com,abc,def,9800000300,2022-11-11 10:43:21 +0000 UTC,299
abc300@gmail.com,abc,def,9800000301,2022-11-11 10:43:21 +0000 UTC,300
abc301@gmail.com,abc,def,9800000302,2022-11-11 10:43:21 +0000 UTC,301
abc302@gmail.com,abc,def,9800000303,2022-11-11 10:43:21 +0000 UTC,302
abc303@gmail.com,abc,def,9800000304,2022-11-11 10:43:21 +0000 UTC,303
abc304@gmail.com,abc,def,9800000305,2022-11-11 10:43:21 +0000 UTC,304
abc305@gmail.com,abc,def,9800000306,2022-11-11 10:43:21 +0000 UTC,305
abc306@gmail.com,abc,def,9800000307,2022-11-11 10:43:21 +0000 UTC,306
abc307@gmail.com,abc,def,9800000308,2022-11-11 10:43:21 +0000 UTC,307
abc308@gmail.com,abc,def,9800000309,2022-11-11 10:43:21 +0000 UTC,308
abc309@gmail.com,abc,def,9800000310,2022-11-11 10:43:21 +0000 UTC,309
abc310@gmail.com,abc,def,9800000311,2022-11-11 10:43:21 +0000 UTC,310
abc311@gmail.com,abc,def,9800000312,2022-11-11 10:43:21 +0000 UTC,311
abc312@gmail.com,abc,def,9800000313,2022-11-11 10:43:21 +0000 UTC,312
abc313@gmail.com,abc,def,9800000314,2022-11-11 10:43:21 +0000 UTC,313
abc314@gmail.com,abc,def,9800000315,2022-11-11 10:43:21 +0000 UTC,314
abc315@gmail.com,abc,def,9800000316,2022-11-11 10:43:21 +0000 UTC,315
abc316@gmail.com,abc,def,9800000317,2022-11-11 10:43:21 +0000 UTC,316
abc317@gmail.com,abc,def,9800000318,2022-11-11 10:43:21 +0000 UTC,317
abc318@gmail.com,abc,def,9800000319,2022-11-11 10:43:21 +0000 UTC,318
abc319@gmail.com,abc,def,9800000320,2022-11-11 10:43:21 +0000 UTC,319
abc320@gmail.com,abc,def,9800000321,2022-11-11 10:43:21 +0000 UTC,320
abc321@gmail.com,abc,def,9800000322,2022-11-11 10:43:21 +0000 UTC,321
abc322@gmail.com,abc,def,9800000323,2022-11-11 10:43:21 +0000 UTC,322
abc323@gmail.com,abc,def,9800000324,2022-11-11 10:43:21 +0000 UTC,323
abc324@gmail.com,abc,def,9800000325,2022-11-11 10:43:21 +0000 UTC,324
abc325@gmail.com,abc,def,9800000326,2022-11-11 10:43:21 +0000 UTC,325
abc326@gmail.com,abc,def,9800000327,2022-11-11 10:43:21 +0000 UTC,326
abc327@gmail.com,abc,def,9800000328,2022-11-11 10:43:21 +0000 UTC,327
abc328@gmail.com,abc,def,9800000329,2022-11-11 10:43:21 +0000 UTC,328
abc329@gmail.com,abc,def,9800000330,2022-11-11 10:43:21 +0000 UTC,329
abc330@gmail.com,abc,def,9800000331,2022-11-11 10:43:21 +0000 UTC,330
abc331@gmail.com,abc,def,9800000332,2022-11-11 10:43:21 +0000 UTC,331
abc332@gmail.com,abc,def,9800000333,2022-11-11 10:43:21 +0000 UTC,332
abc333@gmail.com,abc,def,9800000334,2022-11-11 10:43:21 +0000 UTC,333
abc334@gmail.com,abc,def,9800000335,2022-11-11 10:43:21 +0000 UTC,334
abc335@gmail.com,abc,def,9800000336,2022-11-11 10:43:21 +0000 UTC,335
abc336@gmail.com,abc,def,9800000337,2022-11-11 10:43:21 +0000 UTC,336
abc337@gmail.com,abc,def,9800000338,2022-11-11 10:43:21 +0000 UTC,337
abc338@gmail.com,abc,def,9800000339,2022-11-11 10:43:21 +0000 UTC,338
abc339@gmail.com,abc,def,9800000340,2022-11-11 10:43:21 +0000 UTC,339
abc340@gmail.com,abc,def,9800000341,2022-11-11 10:43:21 +0000 UTC,340
abc341@gmail.com,abc,def,9800000342,2022-11-11 10:43:21 +0000 UTC,341
abc342@gmail.com,abc,def,9800000343,2022-11-11 10:43:21 +0000 UTC,342
abc343@gmail.com,abc,def,9800000344,2022-11-11 10:43:21 +0000 UTC,343
abc344@gmail.com,abc,def,9800000345,2022-11-11 10:43:21 +0000 UTC,344
abc345@gmail.com,abc,def,9800000346,2022-11-11 10:43:21 +0000 UTC,345
abc346@gmail.com,abc,def,9800000347,2022-11-11 10:43:21 +0000 UTC,346
abc347@gmail.com,abc,def,9800000348,2022-11-11 10:43:21 +0000 UTC,347
abc348@gmail.com,abc,def,9800000349,2022-11-11 10:43:21 +0000 UTC,348
abc349@gmail.com,abc,def,9800000350,2022-11-11 10:43:21 +0000 UTC,349
abc350@gmail.com,abc,def,9800000351,2022-11-11 10:43:21 +0000 UTC,350
abc351@gmail.com,abc,def,9800000352,2022-11-11 10:43:21 +0000 UTC,351
abc352@gmail.com,abc,def,9800000353,2022-11-11 10:43:21 +0000 UTC,352
abc353@gmail.com,abc,def,9800000354,2022-11-11 10:43:21 +0000 UTC,353
abc354@gmail.com,abc,def,9800000355,2022-11-11 10:43:21 +0000 UTC,354
abc355@gmail.com,abc,def,9800000356,2022-11-11 10:43:21 +0000 UTC,355
abc356@gmail.com,abc,def,9800000357,2022-11-11 10:43:21 +0000 UTC,356
abc357@gmail.com,abc,def,9800000358,2022-11-11 10:43:21 +0000 UTC,357
abc358@gmail.com,abc,def,9800000359,2022-11-11 10:43:21 +0000 UTC,358
abc359@gmail.com,abc,def,9800000360,2022-11-11 10:43:21 +0000 UTC,359
abc360@gmail.com,abc,def,9800000361,2022-11-11 10:43:21 +0000 UTC,360
abc361@gmail.com,abc,def,9800000362,2022-11-11 10:43:21 +0000 UTC,361
abc362@gmail.com,abc,def,9800000363,2022-11-11 10:43:21 +0000 UTC,362
abc363@gmail.com,abc,def,9800000364,2022-11-11 10:43:21 +0000 UTC,363
abc364@gmail.com,abc,def,9800000365,2022-11-11 10:43:21 +0000 UTC,364
abc365@gmail.com,abc,def,9800000366,2022-11-11 10:43:21 +0000 UTC,365
abc366@gmail.com,abc,def,9800000367,2022-11-11 10:43:21 +0000 UTC,366
abc367@gmail.com,abc,def,9800000368,2022-11-11 10:43:21 +0000 UTC,367
abc368@gmail.com,abc,def,9800000369,2022-11-11 10:43:21 +0000 UTC,368
abc369@gmail.com,abc,def,9800000370,2022-11-11 10:43:21 +0000 UTC,369
abc370@gmail.com,abc,def,9800000371,2022-11-11 10:43:21 +0000 UTC,370
abc371@gmail.com,abc,def,9800000372,2022-11-11 10:43:21 +0000 UTC,371
abc372@gmail.com,abc,def,9800000373,2022-11-11 10:43:21 +0000 UTC,372
abc373@gmail.com,abc,def,9800000374,2022-11-11 10:43:21 +0000 UTC,373
abc374@gmail.com,abc,def,9800000375,2022-11-11 10:43:21 +0000 UTC,374
abc375@gmail.com,abc,def,9800000376,2022-11-11 10:43:21 +0000 UTC,375
abc376@gmail.com,abc,def,9800000377,2022-11-11 10:43:21 +0000 UTC,376
abc377@gmail.com,abc,def,9800000378,2022-11-11 10:43:21 +0000 UTC,377
abc378@gmail.com,abc,def,9800000379,2022-11-11 10:43:21 +0000 UTC,378
abc379@gmail.com,abc,def,9800000380,2022-11-11 10:43:21 +0000 UTC,379
abc380@gmail.com,abc,def,9800000381,2022-11-11 10:43:21 +0000 UTC,380
abc381@gmail.com,abc,def,9800000382,2022-11-11 10:43:21 +0000 UTC,381
abc382@gmail.com,abc,def,9800000383,2022-11-11 10:43:21 +0000 UTC,382
abc383@gmail.com,abc,def,9800000384,2022-11-11 10:43:21 +0000 UTC,383
abc384@gmail.com,abc,def,9800000385,2022-11-11 10:43:21 +0000 UTC,384
abc385@gmail.com,abc,def,9800000386,2022-11-11 10:43:21 +0000 UTC,385
abc386@gmail.com,abc,def,9800000387,2022-11-11 10:43:21 +0000 UTC,386
abc387@gmail.com,abc,def,9800000388,2022-11-11 10:43:21 +0000 UTC,387
abc388@gmail.com,abc,def,9800000389,2022-11-11 10:43:21 +0000 UTC,388
abc389@gmail.com,abc,def,9800000390,2022-11-11 10:43:21 +0000 UTC,389
abc390@gmail.com,abc,def,9800000391,2022-11-11 10:43:21 +0000 UTC,390
abc391@gmail.com,abc,def,9800000392,2022-11-11 10:43:21 +0000 UTC,391
abc392@gmail.com,abc,def,9800000393,2022-11-11 10:43:21 +0000 UTC,392
abc393@gmail.com,abc,def,9800000394,2022-11-11 10:43:21 +0000 UTC,393
abc394@gmail.com,abc,def,9800000395,2022-11-11 10:43:21 +0000 UTC,394
abc395@gmail.com,abc,def,9800000396,2022-11-11 10:43:21 +0000 UTC,395
abc396@gmail.com,abc,def,9800000397,2022-11-11 10:43:21 +0000 UTC,396
abc397@gmail.com,abc,def,9800000398,2022-11-11 10:43:21 +0000 UTC,397
abc398@gmail.com,abc,def,9800000399,2022-11-11 10:43:21 +0000 UTC,398
abc399@gmail.com,abc,def,9800000400,2022-11-11 10:43:21 +0000 UTC,399
abc400@gmail.com,abc,def,9800000401,2022-11-11 10:43:21 +0000 UTC,400
abc401@gmail.com,abc,def,9800000402,2022-11-11 10:43:21 +0000 UTC,401
abc402@gmail.com,abc,def,9800000403,2022-11-11 10:43:21 +0000 UTC,402
abc403@gmail.com,abc,def,9800000404,2022-11-11 10:43:21 +0000 UTC,403
abc404@gmail.com,abc,def,9800000405,2022-11-11 10:43:21 +0000 UTC,404
abc405@gmail.com,abc,def,9800000406,2022-11-11 10:43:21 +0000 UTC,405
abc406@gmail.com,abc,def,9800000407,2022-11-11 10:43:21 +0000 UTC,406
abc407@gmail.com,abc,def,9800000408,2022-11-11 10:43:21 +0000 UTC,407
abc408@gmail.com,abc,def,9800000409,2022-11-11 10:43:21 +0000 UTC,408
abc409@gmail.com,abc,def,9800000410,2022-11-11 10:43:21 +0000 UTC,409
abc410@gmail.com,abc,def,9800000411,2022-11-11 10:43:21 +0000 UTC,410
abc411@gmail.com,abc,def,9800000412,2022-11-11 10:43:21 +0000 UTC,411
abc412@gmail.com,abc,def,9800000413,2022-11-11 10:43:21 +0000 UTC,412
abc413@gmail.com,abc,def,9800000414,2022-11-11 10:43:21 +0000 UTC,413
abc414@gmail.com,abc,def,9800000415,2022-11-11 10:43:21 +0000 UTC,414
abc415@gmail.com,abc,def,9800000416,2022-11-11 10:43:21 +0000 UTC,415
abc416@gmail.com,abc,def,9800000417,2022-11-11 10:43:21 +0000 UTC,416
abc417@gmail.com,abc,def,9800000418,2022-11-11 10:43:21 +0000 UTC,417
abc418@gmail.com,abc,def,9800000419,2022-11-11 10:43:21 +0000 UTC,418
abc419@gmail.com,abc,def,9800000420,2022-11-11 10:43:21 +0000 UTC,419
abc420@gmail.com,abc,def,9800000421,2022-11-11 10:43:21 +0000 UTC,420
abc421@gmail.com,abc,def,9800000422,2022-11-11 10:43:21 +0000 UTC,421
abc422@gmail.com,abc,def,9800000423,2022-11-11 10:43:21 +0000 UTC,422
abc423@gmail.com,abc,def,9800000424,2022-11-11 10:43:21 +0000 UTC,423
abc424@gmail.com,abc,def,9800000425,2022-11-11 10:43:21 +0000 UTC,424
abc425@gmail.com,abc,def,9800000426,2022-11-11 10:43:21 +0000 UTC,425
abc426@gmail.com,abc,def,9800000427,2022-11-11 10:43:21 +0000 UTC,426
abc427@gmail.com,abc,def,9800000428,2022-11-11 10:43:21 +0000 UTC,427
abc428@gmail.com,abc,def,9800000429,2022-11-11 10:43:21 +0000 UTC,428
abc429@gmail.com,abc,def,9800000430,2022-11-11 10:43:21 +0000 UTC,429
abc430@gmail.com,abc,def,9800000431,2022-11-11 10:43:21 +0000 UTC,430
abc431@gmail.com,abc,def,9800000432,2022-11-11 10:43:21 +0000 UTC,431
abc432@gmail.com,abc,def,9800000433,2022-11-11 10:43:21 +0000 UTC,432
abc433@gmail.com,abc,def,9800000434,2022-11-11 10:43:21 +0000 UTC,433
abc434@gmail.com,abc,def,9800000435,2022-11-11 10:43:21 +0000 UTC,434
abc435@gmail.com,abc,def,9800000436,2022-11-11 10:43:21 +0000 UTC,435
abc436@gmail.com,abc,def,9800000437,2022-11-11 10:43:21 +0000 UTC,436
abc437@gmail.com,abc,def,9800000438,2022-11-11 10:43:21 +0000 UTC,437
abc438@gmail.com,abc,def,9800000439,2022-11-11 10:43:21 +0000 UTC,438
abc439@gmail.com,abc,def,9800000440,2022-11-11 10:43:21 +0000 UTC,439
abc440@gmail.com,abc,def,9800000441,2022-11-11 10:43:21 +0000 UTC,440
abc441@gmail.com,abc,def,9800000442,2022-11-11 10:43:21 +0000 UTC,441
abc442@gmail.com,abc,def,9800000443,2022-11-11 10:43:21 +0000 UTC,442
abc443@gmail.com,abc,def,9800000444,2022-11-11 10:43:21 +0000 UTC,443
abc444@gmail.com,abc,def,9800000445,2022-11-11 10:43:21 +0000 UTC,444
abc445@gmail.com,abc,def,9800000446,2022-11-11 10:43:21 +0000 UTC,445
abc446@gmail.com,abc,def,9800000447,2022-11-11 10:43:21 +0000 UTC,446
abc447@gmail.com,abc,def,9800000448,2022-11-11 10:43:21 +0000 UTC,447
abc448@gmail.com,abc,def,9800000449,2022-11-11 10:43:21 +0000 UTC,448
abc449@gmail.com,abc,def,9800000450,2022-11-11 10:43:21 +0000 UTC,449
abc450@gmail.com,abc,def,9800000451,2022-11-11 10:43:21 +0000 UTC,450
abc451@gmail.com,abc,def,9800000452,2022-11-11 10:43:21 +0000 UTC,451
abc452@gmail.com,abc,def,9800000453,2022-11-11 10:43:21 +0000 UTC,452
abc453@gmail.com,abc,def,9800000454,2022-11-11 10:43:21 +0000 UTC,453
abc454@gmail.com,abc,def,9800000455,2022-11-11 10:43:21 +0000 UTC,454
abc455@gmail.com,abc,def,9800000456,2022-11-11 10:43:21 +0000 UTC,455
abc456@gmail.com,abc,def,9800000457,2022-11-11 10:43:21 +0000 UTC,456
abc457@gmail.com,abc,def,9800000458,2022-11-11 10:43:21 +0000 UTC,457
abc458@gmail.com,abc,def,9800000459,2022-11-11 10:43:21 +0000 UTC,458
abc459@gmail.com,abc,def,9800000460,2022-11-11 10:43:21 +0000 UTC,459
abc460@gmail.com,abc,def,9800000461,2022-11-11 10:43:21 +0000 UTC,460
abc461@gmail.com,abc,def,9800000462,2022-11-11 10:43:21 +0000 UTC,461
abc462@gmail.com,abc,def,9800000463,2022-11-11 10:43:21 +0000 UTC,462
abc463@gmail.com,abc,def,9800000464,2022-11-11 10:43:21 +0000 UTC,463
abc464@gmail.com,abc,def,9800000465,2022-11-11 10:43:21 +0000 UTC,464
abc465@gmail.com,abc,def,9800000466,2022-11-11 10:43:21 +0000 UTC,465
abc466@gmail.com,abc,def,9800000467,2022-11-11 10:43:21 +0000 UTC,466
abc467@gmail.com,abc,def,9800000468,2022-11-11 10:43:21 +0000 UTC,467
abc468@gmail.com,abc,def,9800000469,2022-11-11 10:43:21 +0000 UTC,468
abc469@gmail.com,abc,def,9800000470,2022-11-11 10:43:21 +0000 UTC,469
abc470@gmail.com,abc,def,9800000471,2022-11-11 10:43:21 +0000 UTC,470
abc471@gmail.com,abc,def,9800000472,2022-11-11 10:43:21 +0000 UTC,471
abc472@gmail.com,abc,def,9800000473,2022-11-11 10:43:21 +0000 UTC,472
abc473@gmail.com,abc,def,9800000474,2022-11-11 10:43:21 +0000 UTC,473
abc474@gmail.com,abc,def,9800000475,2022-11-11 10:43:21 +0000 UTC,474
abc475@gmail.com,abc,def,9800000476,2022-11-11 10:43:21 +0000 UTC,475
abc476@gmail.com,abc,def,9800000477,2022-11-11 10:43:21 +0000 UTC,476
abc477@gmail.com,abc,def,9800000478,2022-11-11 10:43:21 +0000 UTC,477
abc478@gmail.com,abc,def,9800000479,2022-11-11 10:43:21 +0000 UTC,478
abc479@gmail.com,abc,def,9800000480,2022-11-11 10:43:21 +0000 UTC,479
abc480@gmail.com,abc,def,9800000481,2022-11-11 10:43:21 +0000 UTC,480
abc481@gmail.com,abc,def,9800000482,2022-11-11 10:43:21 +0000 UTC,481
abc482@gmail.com,abc,def,9800000483,2022-11-11 10:43:21 +0000 UTC,482
abc483@gmail.com,abc,def,9800000484,2022-11-11 10:43:21 +0000 UTC,483
abc484@gmail.com,abc,def,9800000485,2022-11-11 10:43:21 +0000 UTC,484
abc485@gmail.com,abc,def,9800000486,2022-11-11 10:43:21 +0000 UTC,485
abc486@gmail.com,abc,def,9800000487,2022-11-11 10:43:21 +0000 UTC,486
abc487@gmail.com,abc,def,9800000488,2022-11-11 10:43:21 +0000 UTC,487
abc488@gmail.com,abc,def,9800000489,2022-11-11 10:43:21 +0000 UTC,488
abc489@gmail.com,abc,def,9800000490,2022-11-11 10:43:21 +0000 UTC,489
abc490@gmail.com,abc,def,9800000491,2022-11-11 10:43:21 +0000 UTC,490
abc491@gmail.com,abc,def,9800000492,2022-11-11 10:43:21 +0000 UTC,491
abc492@gmail.com,abc,def,9800000493,2022-11-11 10:43:21 +0000 UTC,492
abc493@gmail.com,abc,def,9800000494,2022-11-11 10:43:21 +0000 UTC,493
abc494@gmail.com,abc,def,9800000495,2022-11-11 10:43:21 +0000 UTC,494
abc495@gmail.com,abc,def,9800000496,2022-11-11 10:43:21 +0000 UTC,495
abc496@gmail.com,abc,def,9800000497,2022-11-11 10:43:21 +0000 UTC,496
abc497@gmail.com,abc,def,9800000498,2022-11-11 10:43:21 +0000 UTC,497
abc498@gmail.com,abc,def,9800000499,2022-11-11 10:43:21 +0000 UTC,498
abc499@gmail.com,abc,def,9800000500,2022-11-11 10:43:21 +0000 UTC,499
abc500@gmail.com,abc,def,9800000501,2022-11-11 10:43:21 +0000 UTC,500
abc501@gmail.com,abc,def,9800000502,2022-11-11 10:43:21 +0000 UTC,501
abc502@gmail.com,abc,def,9800000503,2022-11-11 10:43:21 +0000 UTC,502
abc503@gmail.com,abc,def,9800000504,2022-11-11 10:43:21 +0000 UTC,503
abc504@gmail.com,abc,def,9800000505,2022-11-11 10:43:21 +0000 UTC,504
abc505@gmail.com,abc,def,9800000506,2022-11-11 10:43:21 +0000 UTC,505
abc506@gmail.com,abc,def,9800000507,2022-11-11 10:43:21 +0000 UTC,506
abc507@gmail.com,abc,def,9800000508,2022-11-11 10:43:21 +0000 UTC,507
abc508@gmail.com,abc,def,9800000509,2022-11-11 10:43:21 +0000 UTC,508
abc509@gmail.com,abc,def,9800000510,2022-11-11 10:43:21 +0000 UTC,509
abc510@gmail.com,abc,def,9800000511,2022-11-11 10:43:21 +0000 UTC,510
abc511@gmail.com,abc,def,9800000512,2022-11-11 10:43:21 +0000 UTC,511
abc512@gmail.com,abc,def,9800000513,2022-11-11 10:43:21 +0000 UTC,512
abc513@gmail.com,abc,def,9800000514,2022-11-11 10:43:21 +0000 UTC,513
abc514@gmail.com,abc,def,9800000515,2022-11-11 10:43:21 +0000 UTC,514
abc515@gmail.com,abc,def,9800000516,2022-11-11 10:43:21 +0000 UTC,515
abc516@gmail.com,abc,def,9800000517,2022-11-11 10:43:21 +0000 UTC,516
abc517@gmail.com,abc,def,9800000518,2022-11-11 10:43:21 +0000 UTC,517
abc518@gmail.com,abc,def,9800000519,2022-11-11 10:43:21 +0000 UTC,518
abc519@gmail.com,abc,def,9800000520,2022-11-11 10:43:21 +0000 UTC,519
abc520@gmail.com,abc,def,9800000521,2022-11-11 10:43:21 +0000 UTC,520
abc521@gmail.com,abc,def,9800000522,2022-11-11 10:43:21 +0000 UTC,521
abc522@gmail.com,abc,def,9800000523,2022-11-11 10:43:21 +0000 UTC,522
abc523@gmail.com,abc,def,9800000524,2022-11-11 10:43:21 +0000 UTC,523
abc524@gmail.com,abc,def,9800000525,2022-11-11 10:43:21 +0000 UTC,524
abc525@gmail.com,abc,def,9800000526,2022-11-11 10:43:21 +0000 UTC,525
abc526@gmail.com,abc,def,9800000527,2022-11-11 10:43:21 +0000 UTC,526
abc527@gmail.com,abc,def,9800000528,2022-11-11 10:43:21 +0000 UTC,527
abc528@gmail.com,abc,def,9800000529,2022-11-11 10:43:21 +0000 UTC,528
abc529@gmail.com,abc,def,9800000530,2022-11-11 10:43:21 +0000 UTC,529
abc530@gmail.com,abc,def,9800000531,2022-11-11 10:43:21 +0000 UTC,530
abc531@gmail.com,abc,def,9800000532,2022-11-11 10:43:21 +0000 UTC,531
abc532@gmail.com,abc,def,9800000533,2022-11-11 10:43:21 +0000 UTC,532
abc533@gmail.com,abc,def,9800000534,2022-11-11 10:43:21 +0000 UTC,533
abc534@gmail.com,abc,def,9800000535,2022-11-11 10:43:21 +0000 UTC,534
abc535@gmail.com,abc,def,9800000536,2022-11-11 10:43:21 +0000 UTC,535
abc536@gmail.com,abc,def,9800000537,2022-11-11 10:43:21 +0000 UTC,536
abc537@gmail.com,abc,def,9800000538,2022-11-11 10:43:21 +0000 UTC,537
abc538@gmail.com,abc,def,9800000539,2022-11-11 10:43:21 +0000 UTC,538
abc539@gmail.com,abc,def,9800000540,2022-11-11 10:43:21 +0000 UTC,539
abc540@gmail.com,abc,def,9800000541,2022-11-11 10:43:21 +0000 UTC,540
abc541@gmail.com,abc,def,9800000542,2022-11-11 10:43:21 +0000 UTC,541
abc542@gmail.com,abc,def,9800000543,2022-11-11 10:43:21 +0000 UTC,542
abc543@gmail.com,abc,def,9800000544,2022-11-11 10:43:21 +0000 UTC,543
abc544@gmail.com,abc,def,9800000545,2022-11-11 10:43:21 +0000 UTC,544
abc545@gmail.com,abc,def,9800000546,2022-11-11 10:43:21 +0000 UTC,545
abc546@gmail.com,abc,def,9800000547,2022-11-11 10:43:21 +0000 UTC,546
abc547@gmail.com,abc,def,9800000548,2022-11-11 10:43:21 +0000 UTC,547
abc548@gmail.com,abc,def,9800000549,2022-11-11 10:43:21 +0000 UTC,548
abc549@gmail.com,abc,def,9800000550,2022-11-11 10:43:21 +0000 UTC,549
abc550@gmail.com,abc,def,9800000551,2022-11-11 10:43:21 +0000 UTC,550
abc551@gmail.com,abc,def,9800000552,2022-11-11 10:43:21 +0000 UTC,551
abc552@gmail.com,abc,def,9800000553,2022-11-11 10:43:21 +0000 UTC,552
abc553@gmail.com,abc,def,9800000554,2022-11-11 10:43:21 +0000 UTC,553
abc554@gmail.com,abc,def,9800000555,2022-11-11 10:43:21 +0000 UTC,554
abc555@gmail.com,abc,def,9800000556,2022-11-11 10:43:21 +0000 UTC,555
abc556@gmail.com,abc,def,9800000557,2022-11-11 10:43:21 +0000 UTC,556
abc557@gmail.com,abc,def,9800000558,2022-11-11 10:43:21 +0000 UTC,557
abc558@gmail.com,abc,def,9800000559,2022-11-11 10:43:21 +0000 UTC,558
abc559@gmail.com,abc,def,9800000560,2022-11-11 10:43:21 +0000 UTC,559
abc560@gmail.com,abc,def,9800000561,2022-11-11 10:43:21 +0000 UTC,560
abc561@gmail.com,abc,def,9800000562,2022-11-11 10:43:21 +0000 UTC,561
abc562@gmail.com,abc,def,9800000563,2022-11-11 10:43:21 +0000 UTC,562
abc563@gmail.com,abc,def,9800000564,2022-11-11 10:43:21 +0000 UTC,563
abc564@gmail.com,abc,def,9800000565,2022-11-11 10:43:21 +0000 UTC,564
abc565@gmail.com,abc,def,9800000566,2022-11-11 10:43:21 +0000 UTC,565
abc566@gmail.com,abc,def,9800000567,2022-11-11 10:43:21 +0000 UTC,566
abc567@gmail.com,abc,def,9800000568,2022-11-11 10:43:21 +0000 UTC,567
abc568@gmail.com,abc,def,9800000569,2022-11-11 10:43:21 +0000 UTC,568
abc569@gmail.com,abc,def,9800000570,2022-11-11 10:43:21 +0000 UTC,569
abc570@gmail.com,abc,def,9800000571,2022-11-11 10:43:21 +0000 UTC,570
abc571@gmail.com,abc,def,9800000572,2022-11-11 10:43:21 +0000 UTC,571
abc572@gmail.com,abc,def,9800000573,2022-11-11 10:43:21 +0000 UTC,572
abc573@gmail.com,abc,def,9800000574,2022-11-11 10:43:21 +0000 UTC,573
abc574@gmail.com,abc,def,9800000575,2022-11-11 10:43:21 +0000 UTC,574
abc575@gmail.com,abc,def,9800000576,2022-11-11 10:43:21 +0000 UTC,575
abc576@gmail.com,abc,def,9800000577,2022-11-11 10:43:21 +0000 UTC,576
abc577@gmail.com,abc,def,9800000578,2022-11-11 10:43:21 +0000 UTC,577
abc578@gmail.com,abc,def,9800000579,2022-11-11 10:43:21 +0000 UTC,578
abc579@gmail.com,abc,def,9800000580,2022-11-11 10:43:21 +0000 UTC,579
abc580@gmail.com,abc,def,9800000581,2022-11-11 10:43:21 +0000 UTC,580
abc581@gmail.com,abc,def,9800000582,2022-11-11 10:43:21 +0000 UTC,581
abc582@gmail.com,abc,def,9800000583,2022-11-11 10:43:21 +0000 UTC,582
abc583@gmail.com,abc,def,9800000584,2022-11-11 10:43:21 +0000 UTC,583
abc584@gmail.com,abc,def,9800000585,2022-11-11 10:43:21 +0000 UTC,584
abc585@gmail.com,abc,def,9800000586,2022-11-11 10:43:21 +0000 UTC,585
abc586@gmail.com,abc,def,9800000587,2022-11-11 10:43:21 +0000 UTC,586
abc587@gmail.com,abc,def,9800000588,2022-11-11 10:43:21 +0000 UTC,587
abc588@gmail.com,abc,def,9800000589,2022-11-11 10:43:21 +0000 UTC,588
abc589@gmail.com,abc,def,9800000590,2022-11-11 10:43:21 +0000 UTC,589
abc590@gmail.com,abc,def,9800000591,2022-11-11 10:43:21 +0000 UTC,590
abc591@gmail.com,abc,def,9800000592,2022-11-11 10:43:21 +0000 UTC,591
abc592@gmail.com,abc,def,9800000593,2022-11-11 10:43:21 +0000 UTC,592
abc593@gmail.com,abc,def,9800000594,2022-11-11 10:43:21 +0000 UTC,593
abc594@gmail.com,abc,def,9800000595,2022-11-11 10:43:21 +0000 UTC,594
abc595@gmail.com,abc,def,9800000596,2022-11-11 10:43:21 +0000 UTC,595
abc596@gmail.com,abc,def,9800000597,2022-11-11 10:43:21 +0000 UTC,596
abc597@gmail.com,abc,def,9800000598,2022-11-11 10:43:21 +0000 UTC,597
abc598@gmail.com,abc,def,9800000599,2022-11-11 10:43:21 +0000 UTC,598
abc599@gmail.com,abc,def,9800000600,2022-11-11 10:43:21 +0000 UTC,599
abc600@gmail.com,abc,def,9800000601,2022-11-11 10:43:21 +0000 UTC,600
abc601@gmail.com,abc,def,9800000602,2022-11-11 10:43:21 +0000 UTC,601
abc602@gmail.com,abc,def,9800000603,2022-11-11 10:43:21 +0000 UTC,602
abc603@gmail.com,abc,def,9800000604,2022-11-11 10:43:21 +0000 UTC,603
abc604@gmail.com,abc,def,9800000605,2022-11-11 10:43:21 +0000 UTC,604
abc605@gmail.com,abc,def,9800000606,2022-11-11 10:43:21 +0000 UTC,605
abc606@gmail.com,abc,def,9800000607,2022-11-11 10:43:21 +0000 UTC,606
abc607@gmail.com,abc,def,9800000608,2022-11-11 10:43:21 +0000 UTC,607
abc608@gmail.com,abc,def,9800000609,2022-11-11 10:43:21 +0000 UTC,608
abc609@gmail.com,abc,def,9800000610,2022-11-11 10:43:21 +0000 UTC,609
abc610@gmail.com,abc,def,9800000611,2022-11-11 10:43:21 +0000 UTC,610
abc611@gmail.com,abc,def,9800000612,2022-11-11 10:43:21 +0000 UTC,611
abc612@gmail.com,abc,def,9800000613,2022-11-11 10:43:21 +0000 UTC,612
abc613@gmail.com,abc,def,9800000614,2022-11-11 10:43:21 +0000 UTC,613
abc614@gmail.com,abc,def,9800000615,2022-11-11 10:43:21 +0000 UTC,614
abc615@gmail.com,abc,def,9800000616,2022-11-11 10:43:21 +0000 UTC,615
abc616@gmail.com,abc,def,9800000617,2022-11-11 10:43:21 +0000 UTC,616
abc617@gmail.com,abc,def,9800000618,2022-11-11 10:43:21 +0000 UTC,617
abc618@gmail.com,abc,def,9800000619,2022-11-11 10:43:21 +0000 UTC,618
abc619@gmail.com,abc,def,9800000620,2022-11-11 10:43:21 +0000 UTC,619
abc620@gmail.com,abc,def,9800000621,2022-11-11 10:43:21 +0000 UTC,620
abc621@gmail.com,abc,def,9800000622,2022-11-11 10:43:21 +0000 UTC,621
abc622@gmail.com,abc,def,9800000623,2022-11-11 10:43:21 +0000 UTC,622
abc623@gmail.com,abc,def,9800000624,2022-11-11 10:43:21 +0000 UTC,623
abc624@gmail.com,abc,def,9800000625,2022-11-11 10:43:21 +0000 UTC,624
abc625@gmail.com,abc,def,9800000626,2022-11-11 10:43:21 +0000 UTC,625
abc626@gmail.com,abc,def,9800000627,2022-11-11 10:43:21 +0000 UTC,626
abc627@gmail.com,abc,def,9800000628,2022-11-11 10:43:21 +0000 UTC,627
abc628@gmail.com,abc,def,9800000629,2022-11-11 10:43:21 +0000 UTC,628
abc629@gmail.com,abc,def,9800000630,2022-11-11 10:43:21 +0000 UTC,629
abc630@gmail.com,abc,def,9800000631,2022-11-11 10:43:21 +0000 UTC,630
abc631@gmail.com,abc,def,9800000632,2022-11-11 10:43:21 +0000 UTC,631
abc632@gmail.com,abc,def,9800000633,2022-11-11 10:43:21 +0000 UTC,632
abc633@gmail.com,abc,def,9800000634,2022-11-11 10:43:21 +0000 UTC,633
abc634@gmail.com,abc,def,9800000635,2022-11-11 10:43:21 +0000 UTC,634
abc635@gmail.com,abc,def,9800000636,2022-11-11 10:43:21 +0000 UTC,635
abc636@gmail.com,abc,def,9800000637,2022-11-11 10:43:21 +0000 UTC,636
abc637@gmail.com,abc,def,9800000638,2022-11-11 10:43:21 +0000 UTC,637
abc638@gmail.com,abc,def,9800000639,2022-11-11 10:43:21 +0000 UTC,638
abc639@gmail.com,abc,def,9800000640,2022-11-11 10:43:21 +0000 UTC,639
abc640@gmail.com,abc,def,9800000641,2022-11-11 10:43:21 +0000 UTC,640
abc641@gmail.com,abc,def,9800000642,2022-11-11 10:43:21 +0000 UTC,641
abc642@gmail.com,abc,def,9800000643,2022-11-11 10:43:21 +0000 UTC,642
abc643@gmail.com,abc,def,9800000644,2022-11-11 10:43:21 +0000 UTC,643
abc644@gmail.com,abc,def,9800000645,2022-11-11 10:43:21 +0000 UTC,644
abc645@gmail.com,abc,def,9800000646,2022-11-11 10:43:21 +0000 UTC,645
abc646@gmail.com,abc,def,9800000647,2022-11-11 10:43:21 +0000 UTC,646
abc647@gmail.com,abc,def,9800000648,2022-11-11 10:43:21 +0000 UTC,647
abc648@gmail.com,abc,def,9800000649,2022-11-11 10:43:21 +0000 UTC,648
abc649@gmail.com,abc,def,9800000650,2022-11-11 10:43:21 +0000 UTC,649
abc650@gmail.com,abc,def,9800000651,2022-11-11 10:43:21 +0000 UTC,650
abc651@gmail.com,abc,def,9800000652,2022-11-11 10:43:21 +0000 UTC,651
abc652@gmail.com,abc,def,9800000653,2022-11-11 10:43:21 +0000 UTC,652
abc653@gmail.com,abc,def,9800000654,2022-11-11 10:43:21 +0000 UTC,653
abc654@gmail.com,abc,def,9800000655,2022-11-11 10:43:21 +0000 UTC,654
abc655@gmail.com,abc,def,9800000656,2022-11-11 10:43:21 +0000 UTC,655
abc656@gmail.com,abc,def,9800000657,2022-11-11 10:43:21 +0000 UTC,656
abc657@gmail.com,abc,def,9800000658,2022-11-11 10:43:21 +0000 UTC,657
abc658@gmail.com,abc,def,9800000659,2022-11-11 10:43:21 +0000 UTC,658
abc659@gmail.com,abc,def,9800000660,2022-11-11 10:43:21 +0000 UTC,659
abc660@gmail.com,abc,def,9800000661,2022-11-11 10:43:21 +0000 UTC,660
abc661@gmail.com,abc,def,9800000662,2022-11-11 10:43:21 +0000 UTC,661
abc662@gmail.com,abc,def,9800000663,2022-11-11 10:43:21 +0000 UTC,662
abc663@gmail.com,abc,def,9800000664,2022-11-11 10:43:21 +0000 UTC,663
abc664@gmail.com,abc,def,9800000665,2022-11-11 10:43:21 +0000 UTC,664
abc665@gmail.com,abc,def,9800000666,2022-11-11 10:43:21 +0000 UTC,665
abc666@gmail.com,abc,def,9800000667,2022-11-11 10:43:21 +0000 UTC,666
abc667@gmail.com,abc,def,9800000668,2022-11-11 10:43:21 +0000 UTC,667
abc668@gmail.com,abc,def,9800000669,2022-11-11 10:43:21 +0000 UTC,668
abc669@gmail.com,abc,def,9800000670,2022-11-11 10:43:21 +0000 UTC,669
abc670@gmail.com,abc,def,9800000671,2022-11-11 10:43:21 +0000 UTC,670
abc671@gmail.com,abc,def,9800000672,2022-11-11 10:43:21 +0000 UTC,671
abc672@gmail.com,abc,def,9800000673,2022-11-11 10:43:21 +0000 UTC,672
abc673@gmail.com,abc,def,9800000674,2022-11-11 10:43:21 +0000 UTC,673
abc674@gmail.com,abc,def,9800000675,2022-11-11 10:43:21 +0000 UTC,674
abc675@gmail.com,abc,def,9800000676,2022-11-11 10:43:21 +0000 UTC,675
abc676@gmail.com,abc,def,9800000677,2022-11-11 10:43:21 +0000 UTC,676
abc677@gmail.com,abc,def,9800000678,2022-11-11 10:43:21 +0000 UTC,677
abc678@gmail.com,abc,def,9800000679,2022-11-11 10:43:21 +0000 UTC,678
abc679@gmail.com,abc,def,9800000680,2022-11-11 10:43:21 +0000 UTC,679
abc680@gmail.com,abc,def,9800000681,2022-11-11 10:43:21 +0000 UTC,680
abc681@gmail.com,abc,def,9800000682,2022-11-11 10:43:21 +0000 UTC,681
abc682@gmail.com,abc,def,9800000683,2022-11-11 10:43:21 +0000 UTC,682
abc683@gmail.com,abc,def,9800000684,2022-11-11 10:43:21 +0000 UTC,683
abc684@gmail.com,abc,def,9800000685,2022-11-11 10:43:21 +0000 UTC,684
abc685@gmail.com,abc,def,9800000686,2022-11-11 10:43:21 +0000 UTC,685
abc686@gmail.com,abc,def,9800000687,2022-11-11 10:43:21 +0000 UTC,686
abc687@gmail.com,abc,def,9800000688,2022-11-11 10:43:21 +0000 UTC,687
abc688@gmail.com,abc,def,9800000689,2022-11-11 10:43:21 +0000 UTC,688
abc689@gmail.com,abc,def,9800000690,2022-11-11 10:43:21 +0000 UTC,689
abc690@gmail.com,abc,def,9800000691,2022-11-11 10:43:21 +0000 UTC,690
abc691@gmail.com,abc,def,9800000692,2022-11-11 10:43:21 +0000 UTC,691
abc692@gmail.com,abc,def,9800000693,2022-11-11 10:43:21 +0000 UTC,692
abc693@gmail.com,abc,def,9800000694,2022-11-11 10:43:21 +0000 UTC,693
abc694@gmail.com,abc,def,9800000695,2022-11-11 10:43:21 +0000 UTC,694
abc695@gmail.com,abc,def,9800000696,2022-11-11 10:43:21 +0000 UTC,695
abc696@gmail.com,abc,def,9800000697,2022-11-11 10:43:21 +0000 UTC,696
abc697@gmail.com,abc,def,9800000698,2022-11-11 10:43:21 +0000 UTC,697
abc698@gmail.com,abc,def,9800000699,2022-11-11 10:43:21 +0000 UTC,698
abc699@gmail.com,abc,def,9800000700,2022-11-11 10:43:21 +0000 UTC,699
abc700@gmail.com,abc,def,9800000701,2022-11-11 10:43:21 +0000 UTC,700
abc701@gmail.com,abc,def,9800000702,2022-11-11 10:43:21 +0000 UTC,701
abc702@gmail.com,abc,def,9800000703,2022-11-11 10:43:21 +0000 UTC,702
abc703@gmail.com,abc,def,9800000704,2022-11-11 10:43:21 +0000 UTC,703
abc704@gmail.com,abc,def,9800000705,2022-11-11 10:43:21 +0000 UTC,704
abc705@gmail.com,abc,def,9800000706,2022-11-11 10:43:21 +0000 UTC,705
abc706@gmail.com,abc,def,9800000707,2022-11-11 10:43:21 +0000 UTC,706
abc707@gmail.com,abc,def,9800000708,2022-11-11 10:43:21 +0000 UTC,707
abc708@gmail.com,abc,def,9800000709,2022-11-11 10:43:21 +0000 UTC,708
abc709@gmail.com,abc,def,9800000710,2022-11-11 10:43:21 +0000 UTC,709
abc710@gmail.com,abc,def,9800000711,2022-11-11 10:43:21 +0000 UTC,710
abc711@gmail.com,abc,def,9800000712,2022-11-11 10:43:21 +0000 UTC,711
abc712@gmail.com,abc,def,9800000713,2022-11-11 10:43:21 +0000 UTC,712
abc713@gmail.com,abc,def,9800000714,2022-11-11 10:43:21 +0000 UTC,713
abc714@gmail.com,abc,def,9800000715,2022-11-11 10:43:21 +0000 UTC,714
abc715@gmail.com,abc,def,9800000716,2022-11-11 10:43:21 +0000 UTC,715
abc716@gmail.com,abc,def,9800000717,2022-11-11 10:43:21 +0000 UTC,716
abc717@gmail.com,abc,def,9800000718,2022-11-11 10:43:21 +0000 UTC,717
abc718@gmail.com,abc,def,9800000719,2022-11-11 10:43:21 +0000 UTC,718
abc719@gmail.com,abc,def,9800000720,2022-11-11 10:43:21 +0000 UTC,719
abc720@gmail.com,abc,def,9800000721,2022-11-11 10:43:21 +0000 UTC,720
abc721@gmail.com,abc,def,9800000722,2022-11-11 10:43:21 +0000 UTC,721
abc722@gmail.com,abc,def,9800000723,2022-11-11 10:43:21 +0000 UTC,722
abc723@gmail.com,abc,def,9800000724,2022-11-11 10:43:21 +0000 UTC,723
abc724@gmail.com,abc,def,9800000725,2022-11-11 10:43:21 +0000 UTC,724
abc725@gmail.com,abc,def,9800000726,2022-11-11 10:43:21 +0000 UTC,725
abc726@gmail.com,abc,def,9800000727,2022-11-11 10:43:21 +0000 UTC,726
abc727@gmail.com,abc,def,9800000728,2022-11-11 10:43:21 +0000 UTC,727
abc728@gmail.com,abc,def,9800000729,2022-11-11 10:43:21 +0000 UTC,728
abc729@gmail.com,abc,def,9800000730,2022-11-11 10:43:21 +0000 UTC,729
abc730@gmail.com,abc,def,9800000731,2022-11-11 10:43:21 +0000 UTC,730
abc731@gmail.com,abc,def,9800000732,2022-11-11 10:43:21 +0000 UTC,731
abc732@gmail.com,abc,def,9800000733,2022-11-11 10:43:21 +0000 UTC,732
abc733@gmail.com,abc,def,9800000734,2022-11-11 10:43:21 +0000 UTC,733
abc734@gmail.com,abc,def,9800000735,2022-11-11 10:43:21 +0000 UTC,734
abc735@gmail.com,abc,def,9800000736,2022-11-11 10:43:21 +0000 UTC,735
abc736@gmail.com,abc,def,9800000737,2022-11-11 10:43:21 +0000 UTC,736
abc737@gmail.com,abc,def,9800000738,2022-11-11 10:43:21 +0000 UTC,737
abc738@gmail.com,abc,def,9800000739,2022-11-11 10:43:21 +0000 UTC,738
abc739@gmail.com,abc,def,9800000740,2022-11-11 10:43:21 +0000 UTC,739
abc740@gmail.com,abc,def,9800000741,2022-11-11 10:43:21 +0000 UTC,740
abc741@gmail.com,abc,def,9800000742,2022-11-11 10:43:21 +0000 UTC,741
abc742@gmail.com,abc,def,9800000743,2022-11-11 10:43:21 +0000 UTC,742
abc743@gmail.com,abc,def,9800000744,2022-11-11 10:43:21 +0000 UTC,743
abc744@gmail.com,abc,def,9800000745,2022-11-11 10:43:21 +0000 UTC,744
abc745@gmail.com,abc,def,9800000746,2022-11-11 10:43:21 +0000 UTC,745
abc746@gmail.com,abc,def,9800000747,2022-11-11 10:43:21 +0000 UTC,746
abc747@gmail.com,abc,def,9800000748,2022-11-11 10:43:21 +0000 UTC,747
abc748@gmail.com,abc,def,9800000749,2022-11-11 10:43:21 +0000 UTC,748
abc749@gmail.com,abc,def,9800000750,2022-11-11 10:43:21 +0000 UTC,749
abc750@gmail.com,abc,def,9800000751,2022-11-11 10:43:21 +0000 UTC,750
abc751@gmail.com,abc,def,9800000752,2022-11-11 10:43:21 +0000 UTC,751
abc752@gmail.com,abc,def,9800000753,2022-11-11 10:43:21 +0000 UTC,752
abc753@gmail.com,abc,def,9800000754,2022-11-11 10:43:21 +0000 UTC,753
abc754@gmail.com,abc,def,9800000755,2022-11-11 10:43:21 +0000 UTC,754
abc755@gmail.com,abc,def,9800000756,2022-11-11 10:43:21 +0000 UTC,755
abc756@gmail.com,abc,def,9800000757,2022-11-11 10:43:21 +0000 UTC,756
abc757@gmail.com,abc,def,9800000758,2022-11-11 10:43:21 +0000 UTC,757
abc758@gmail.com,abc,def,9800000759,2022-11-11 10:43:21 +0000 UTC,758
abc759@gmail.com,abc,def,9800000760,2022-11-11 10:43:21 +0000 UTC,759
abc760@gmail.com,abc,def,9800000761,2022-11-11 10:43:21 +0000 UTC,760
abc761@gmail.com,abc,def,9800000762,2022-11-11 10:43:21 +0000 UTC,761
abc762@gmail.com,abc,def,9800000763,2022-11-11 10:43:21 +0000 UTC,762
abc763@gmail.com,abc,def,9800000764,2022-11-11 10:43:21 +0000 UTC,763
abc764@gmail.com,abc,def,9800000765,2022-11-11 10:43:21 +0000 UTC,764
abc765@gmail.com,abc,def,9800000766,2022-11-11 10:43:21 +0000 UTC,765
abc766@gmail.com,abc,def,9800000767,2022-11-11 10:43:21 +0000 UTC,766
abc767@gmail.com,abc,def,9800000768,2022-11-11 10:43:21 +0000 UTC,767
abc768@gmail.com,abc,def,9800000769,2022-11-11 10:43:21 +0000 UTC,768
abc769@gmail.com,abc,def,9800000770,2022-11-11 10:43:21 +0000 UTC,769
abc770@gmail.com,abc,def,9800000771,2022-11-11 10:43:21 +0000 UTC,770
abc771@gmail.com,abc,def,9800000772,2022-11-11 10:43:21 +0000 UTC,771
abc772@gmail.com,abc,def,9800000773,2022-11-11 10:43:21 +0000 UTC,772
abc773@gmail.com,abc,def,9800000774,2022-11-11 10:43:21 +0000 UTC,773
abc774@gmail.com,abc,def,9800000775,2022-11-11 10:43:21 +0000 UTC,774
abc775@gmail.com,abc,def,9800000776,2022-11-11 10:43:21 +0000 UTC,775
abc776@gmail.com,abc,def,9800000777,2022-11-11 10:43:21 +0000 UTC,776
abc777@gmail.com,abc,def,9800000778,2022-11-11 10:43:21 +0000 UTC,777
abc778@gmail.com,abc,def,9800000779,2022-11-11 10:43:21 +0000 UTC,778
abc779@gmail.com,abc,def,9800000780,2022-11-11 10:43:21 +0000 UTC,779
abc780@gmail.com,abc,def,9800000781,2022-11-11 10:43:21 +0000 UTC,780
abc781@gmail.com,abc,def,9800000782,2022-11-11 10:43:21 +0000 UTC,781
abc782@gmail.com,abc,def,9800000783,2022-11-11 10:43:21 +0000 UTC,782
abc783@gmail.com,abc,def,9800000784,2022-11-11 10:43:21 +0000 UTC,783
abc784@gmail.com,abc,def,9800000785,2022-11-11 10:43:21 +0000 UTC,784
abc785@gmail.com,abc,def,9800000786,2022-11-11 10:43:21 +0000 UTC,785
abc786@gmail.com,abc,def,9800000787,2022-11-11 10:43:21 +0000 UTC,786
abc787@gmail.com,abc,def,9800000788,2022-11-11 10:43:21 +0000 UTC,787
abc788@gmail.com,abc,def,9800000789,2022-11-11 10:43:21 +0000 UTC,788
abc789@gmail.com,abc,def,9800000790,2022-11-11 10:43:21 +0000 UTC,789
abc790@gmail.com,abc,def,9800000791,2022-11-11 10:43:21 +0000 UTC,790
abc791@gmail.com,abc,def,9800000792,2022-11-11 10:43:21 +0000 UTC,791
abc792@gmail.com,abc,def,9800000793,2022-11-11 10:43:21 +0000 UTC,792
abc793@gmail.com,abc,def,9800000794,2022-11-11 10:43:21 +0000 UTC,793
abc794@gmail.com,abc,def,9800000795,2022-11-11 10:43:21 +0000 UTC,794
abc795@gmail.com,abc,def,9800000796,2022-11-11 10:43:21 +0000 UTC,795
abc796@gmail.com,abc,def,9800000797,2022-11-11 10:43:21 +0000 UTC,796
abc797@gmail.com,abc,def,9800000798,2022-11-11 10:43:21 +0000 UTC,797
abc798@gmail.com,abc,def,9800000799,2022-11-11 10:43:21 +0000 UTC,798
abc799@gmail.com,abc,def,9800000800,2022-11-11 10:43:21 +0000 UTC,799
abc800@gmail.com,abc,def,9800000801,2022-11-11 10:43:21 +0000 UTC,800
abc801@gmail.com,abc,def,9800000802,2022-11-11 10:43:21 +0000 UTC,801
abc802@gmail.com,abc,def,9800000803,2022-11-11 10:43:21 +0000 UTC,802
abc803@gmail.com,abc,def,9800000804,2022-11-11 10:43:21 +0000 UTC,803
abc804@gmail.com,abc,def,9800000805,2022-11-11 10:43:21 +0000 UTC,804
abc805@gmail.com,abc,def,9800000806,2022-11-11 10:43:21 +0000 UTC,805
abc806@gmail.com,abc,def,9800000807,2022-11-11 10:43:21 +0000 UTC,806
abc807@gmail.com,abc,def,9800000808,2022-11-11 10:43:21 +0000 UTC,807
abc808@gmail.com,abc,def,9800000809,2022-11-11 10:43:21 +0000 UTC,808
abc809@gmail.com,abc,def,9800000810,2022-11-11 10:43:21 +0000 UTC,809
abc810@gmail.com,abc,def,9800000811,2022-11-11 10:43:21 +0000 UTC,810
abc811@gmail.com,abc,def,9800000812,2022-11-11 10:43:21 +0000 UTC,811
abc812@gmail.com,abc,def,9800000813,2022-11-11 10:43:21 +0000 UTC,812
abc813@gmail.com,abc,def,9800000814,2022-11-11 10:43:21 +0000 UTC,813
abc814@gmail.com,abc,def,9800000815,2022-11-11 10:43:21 +0000 UTC,814
abc815@gmail.com,abc,def,9800000816,2022-11-11 10:43:21 +0000 UTC,815
abc816@gmail.com,abc,def,9800000817,2022-11-11 10:43:21 +0000 UTC,816
abc817@gmail.com,abc,def,9800000818,2022-11-11 10:43:21 +0000 UTC,817
abc818@gmail.com,abc,def,9800000819,2022-11-11 10:43:21 +0000 UTC,818
abc819@gmail.com,abc,def,9800000820,2022-11-11 10:43:21 +0000 UTC,819
abc820@gmail.com,abc,def,9800000821,2022-11-11 10:43:21 +0000 UTC,820
abc821@gmail.com,abc,def,9800000822,2022-11-11 10:43:21 +0000 UTC,821
abc822@gmail.com,abc,def,9800000823,2022-11-11 10:43:21 +0000 UTC,822
abc823@gmail.com,abc,def,9800000824,2022-11-11 10:43:21 +0000 UTC,823
abc824@gmail.com,abc,def,9800000825,2022-11-11 10:43:21 +0000 UTC,824
abc825@gmail.com,abc,def,9800000826,2022-11-11 10:43:21 +0000 UTC,825
abc826@gmail.com,abc,def,9800000827,2022-11-11 10:43:21 +0000 UTC,826
abc827@gmail.com,abc,def,9800000828,2022-11-11 10:43:21 +0000 UTC,827
abc828@gmail.com,abc,def,9800000829,2022-11-11 10:43:21 +0000 UTC,828
abc829@gmail.com,abc,def,9800000830,2022-11-11 10:43:21 +0000 UTC,829
abc830@gmail.com,abc,def,9800000831,2022-11-11 10:43:21 +0000 UTC,830
abc831@gmail.com,abc,def,9800000832,2022-11-11 10:43:21 +0000 UTC,831
abc832@gmail.com,abc,def,9800000833,2022-11-11 10:43:21 +0000 UTC,832
abc833@gmail.com,abc,def,9800000834,2022-11-11 10:43:21 +0000 UTC,833
abc834@gmail.com,abc,def,9800000835,2022-11-11 10:43:21 +0000 UTC,834
abc835@gmail.com,abc,def,9800000836,2022-11-11 10:43:21 +0000 UTC,835
abc836@gmail.com,abc,def,9800000837,2022-11-11 10:43:21 +0000 UTC,836
abc837@gmail.com,abc,def,9800000838,2022-11-11 10:43:21 +0000 UTC,837
abc838@gmail.com,abc,def,9800000839,2022-11-11 10:43:21 +0000 UTC,838
abc839@gmail.com,abc,def,9800000840,2022-11-11 10:43:21 +0000 UTC,839
abc840@gmail.com,abc,def,9800000841,2022-11-11 10:43:21 +0000 UTC,840
abc841@gmail.com,abc,def,9800000842,2022-11-11 10:43:21 +0000 UTC,841
abc842@gmail.com,abc,def,9800000843,2022-11-11 10:43:21 +0000 UTC,842
abc843@gmail.com,abc,def,9800000844,2022-11-11 10:43:21 +0000 UTC,843
abc844@gmail.com,abc,def,9800000845,2022-11-11 10:43:21 +0000 UTC,844
abc845@gmail.com,abc,def,9800000846,2022-11-11 10:43:21 +0000 UTC,845
abc846@gmail.com,abc,def,9800000847,2022-11-11 10:43:21 +0000 UTC,846
abc847@gmail.com,abc,def,9800000848,2022-11-11 10:43:21 +0000 UTC,847
abc848@gmail.com,abc,def,9800000849,2022-11-11 10:43:21 +0000 UTC,848
abc849@gmail.com,abc,def,9800000850,2022-11-11 10:43:21 +0000 UTC,849
abc850@gmail.com,abc,def,9800000851,2022-11-11 10:43:21 +0000 UTC,850
abc851@gmail.com,abc,def,9800000852,2022-11-11 10:43:21 +0000 UTC,851
abc852@gmail.com,abc,def,9800000853,2022-11-11 10:43:21 +0000 UTC,852
abc853@gmail.com,abc,def,9800000854,2022-11-11 10:43:21 +0000 UTC,853
abc854@gmail.com,abc,def,9800000855,2022-11-11 10:43:21 +0000 UTC,854
abc855@gmail.com,abc,def,9800000856,2022-11-11 10:43:21 +0000 UTC,855
abc856@gmail.com,abc,def,9800000857,2022-11-11 10:43:21 +0000 UTC,856
abc857@gmail.com,abc,def,9800000858,2022-11-11 10:43:21 +0000 UTC,857
abc858@gmail.com,abc,def,9800000859,2022-11-11 10:43:21 +0000 UTC,858
abc859@gmail.com,abc,def,9800000860,2022-11-11 10:43:21 +0000 UTC,859
abc860@gmail.com,abc,def,9800000861,2022-11-11 10:43:21 +0000 UTC,860
abc861@gmail.com,abc,def,9800000862,2022-11-11 10:43:21 +0000 UTC,861
abc862@gmail.com,abc,def,9800000863,2022-11-11 10:43:21 +0000 UTC,862
abc863@gmail.com,abc,def,9800000864,2022-11-11 10:43:21 +0000 UTC,863
abc864@gmail.com,abc,def,9800000865,2022-11-11 10:43:21 +0000 UTC,864
abc865@gmail.com,abc,def,9800000866,2022-11-11 10:43:21 +0000 UTC,865
abc866@gmail.com,abc,def,9800000867,2022-11-11 10:43:21 +0000 UTC,866
abc867@gmail.com,abc,def,9800000868,2022-11-11 10:43:21 +0000 UTC,867
abc868@gmail.com,abc,def,9800000869,2022-11-11 10:43:21 +0000 UTC,868
abc869@gmail.com,abc,def,9800000870,2022-11-11 10:43:21 +0000 UTC,869
abc870@gmail.com,abc,def,9800000871,2022-11-11 10:43:21 +0000 UTC,870
abc871@gmail.com,abc,def,9800000872,2022-11-11 10:43:21 +0000 UTC,871
abc872@gmail.com,abc,def,9800000873,2022-11-11 10:43:21 +0000 UTC,872
abc873@gmail.com,abc,def,9800000874,2022-11-11 10:43:21 +0000 UTC,873
abc874@gmail.com,abc,def,9800000875,2022-11-11 10:43:21 +0000 UTC,874
abc875@gmail.com,abc,def,9800000876,2022-11-11 10:43:21 +0000 UTC,875
abc876@gmail.com,abc,def,9800000877,2022-11-11 10:43:21 +0000 UTC,876
abc877@gmail.com,abc,def,9800000878,2022-11-11 10:43:21 +0000 UTC,877
abc878@gmail.com,abc,def,9800000879,2022-11-11 10:43:21 +0000 UTC,878
abc879@gmail.com,abc,def,9800000880,2022-11-11 10:43:21 +0000 UTC,879
abc880@gmail.com,abc,def,9800000881,2022-11-11 10:43:21 +0000 UTC,880
abc881@gmail.com,abc,def,9800000882,2022-11-11 10:43:21 +0000 UTC,881
abc882@gmail.com,abc,def,9800000883,2022-11-11 10:43:21 +0000 UTC,882
abc883@gmail.com,abc,def,9800000884,2022-11-11 10:43:21 +0000 UTC,883
abc884@gmail.com,abc,def,9800000885,2022-11-11 10:43:21 +0000 UTC,884
abc885@gmail.com,abc,def,9800000886,2022-11-11 10:43:21 +0000 UTC,885
abc886@gmail.com,abc,def,9800000887,2022-11-11 10:43:21 +0000 UTC,886
abc887@gmail.com,abc,def,9800000888,2022-11-11 10:43:21 +0000 UTC,887
abc888@gmail.com,abc,def,9800000889,2022-11-11 10:43:21 +0000 UTC,888
abc889@gmail.com,abc,def,9800000890,2022-11-11 10:43:21 +0000 UTC,889
abc890@gmail.com,abc,def,9800000891,2022-11-11 10:43:21 +0000 UTC,890
abc891@gmail.com,abc,def,9800000892,2022-11-11 10:43:21 +0000 UTC,891
abc892@gmail.com,abc,def,9800000893,2022-11-11 10:43:21 +0000 UTC,892
abc893@gmail.com,abc,def,9800000894,2022-11-11 10:43:21 +0000 UTC,893
abc894@gmail.com,abc,def,9800000895,2022-11-11 10:43:21 +0000 UTC,894
abc895@gmail.com,abc,def,9800000896,2022-11-11 10:43:21 +0000 UTC,895
abc896@gmail.com,abc,def,9800000897,2022-11-11 10:43:21 +0000 UTC,896
abc897@gmail.com,abc,def,9800000898,2022-11-11 10:43:21 +0000 UTC,897
abc898@gmail.com,abc,def,9800000899,2022-11-11 10:43:21 +0000 UTC,898
abc899@gmail.com,abc,def,9800000900,2022-11-11 10:43:21 +0000 UTC,899
abc900@gmail.com,abc,def,9800000901,2022-11-11 10:43:21 +0000 UTC,900
abc901@gmail.com,abc,def,9800000902,2022-11-11 10:43:21 +0000 UTC,901
abc902@gmail.com,abc,def,9800000903,2022-11-11 10:43:21 +0000 UTC,902
abc903@gmail.com,abc,def,9800000904,2022-11-11 10:43:21 +0000 UTC,903
abc904@gmail.com,abc,def,9800000905,2022-11-11 10:43:21 +0000 UTC,904
abc905@gmail.com,abc,def,9800000906,2022-11-11 10:43:21 +0000 UTC,905
abc906@gmail.com,abc,def,9800000907,2022-11-11 10:43:21 +0000 UTC,906
abc907@gmail.com,abc,def,9800000908,2022-11-11 10:43:21 +0000 UTC,907
abc908@gmail.com,abc,def,9800000909,2022-11-11 10:43:21 +0000 UTC,908
abc909@gmail.com,abc,def,9800000910,2022-11-11 10:43:21 +0000 UTC,909
abc910@gmail.com,abc,def,9800000911,2022-11-11 10:43:21 +0000 UTC,910
abc911@gmail.com,abc,def,9800000912,2022-11-11 10:43:21 +0000 UTC,911
abc912@gmail.com,abc,def,9800000913,2022-11-11 10:43:21 +0000 UTC,912
abc913@gmail.com,abc,def,9800000914,2022-11-11 10:43:21 +0000 UTC,913
abc914@gmail.com,abc,def,9800000915,2022-11-11 10:43:21 +0000 UTC,914
abc915@gmail.com,abc,def,9800000916,2022-11-11 10:43:21 +0000 UTC,915
abc916@gmail.com,abc,def,9800000917,2022-11-11 10:43:21 +0000 UTC,916
abc917@gmail.com,abc,def,9800000918,2022-11-11 10:43:21 +0000 UTC,917
abc918@gmail.com,abc,def,9800000919,2022-11-11 10:43:21 +0000 UTC,918
abc919@gmail.com,abc,def,9800000920,2022-11-11 10:43:21 +0000 UTC,919
abc920@gmail.com,abc,def,9800000921,2022-11-11 10:43:21 +0000 UTC,920
abc921@gmail.com,abc,def,9800000922,2022-11-11 10:43:21 +0000 UTC,921
abc922@gmail.com,abc,def,9800000923,2022-11-11 10:43:21 +0000 UTC,922
abc923@gmail.com,abc,def,9800000924,2022-11-11 10:43:21 +0000 UTC,923
abc924@gmail.com,abc,def,9800000925,2022-11-11 10:43:21 +0000 UTC,924
abc925@gmail.com,abc,def,9800000926,2022-11-11 10:43:21 +0000 UTC,925
abc926@gmail.com,abc,def,9800000927,2022-11-11 10:43:21 +0000 UTC,926
abc927@gmail.com,abc,def,9800000928,2022-11-11 10:43:21 +0000 UTC,927
abc928@gmail.com,abc,def,9800000929,2022-11-11 10:43:21 +0000 UTC,928
abc929@gmail.com,abc,def,9800000930,2022-11-11 10:43:21 +0000 UTC,929
abc930@gmail.com,abc,def,9800000931,2022-11-11 10:43:21 +0000 UTC,930
abc931@gmail.com,abc,def,9800000932,2022-11-11 10:43:21 +0000 UTC,931
abc932@gmail.com,abc,def,9800000933,2022-11-11 10:43:21 +0000 UTC,932
abc933@gmail.com,abc,def,9800000934,2022-11-11 10:43:21 +0000 UTC,933
abc934@gmail.com,abc,def,9800000935,2022-11-11 10:43:21 +0000 UTC,934
abc935@gmail.com,abc,def,9800000936,2022-11-11 10:43:21 +0000 UTC,935
abc936@gmail.com,abc,def,9800000937,2022-11-11 10:43:21 +0000 UTC,936
abc937@gmail.com,abc,def,9800000938,2022-11-11 10:43:21 +0000 UTC,937
abc938@gmail.com,abc,def,9800000939,2022-11-11 10:43:21 +0000 UTC,938
abc939@gmail.com,abc,def,9800000940,2022-11-11 10:43:21 +0000 UTC,939
abc940@gmail.com,abc,def,9800000941,2022-11-11 10:43:21 +0000 UTC,940
abc941@gmail.com,abc,def,9800000942,2022-11-11 10:43:21 +0000 UTC,941
abc942@gmail.com,abc,def,9800000943,2022-11-11 10:43:21 +0000 UTC,942
abc943@gmail.com,abc,def,9800000944,2022-11-11 10:43:21 +0000 UTC,943
abc944@gmail.com,abc,def,9800000945,2022-11-11 10:43:21 +0000 UTC,944
abc945@gmail.com,abc,def,9800000946,2022-11-11 10:43:21 +0000 UTC,945
abc946@gmail.com,abc,def,9800000947,2022-11-11 10:43:21 +0000 UTC,946
abc947@gmail.com,abc,def,9800000948,2022-11-11 10:43:21 +0000 UTC,947
abc948@gmail.com,abc,def,9800000949,2022-11-11 10:43:21 +0000 UTC,948
abc949@gmail.com,abc,def,9800000950,2022-11-11 10:43:21 +0000 UTC,949
abc950@gmail.com,abc,def,9800000951,2022-11-11 10:43:21 +0000 UTC,950
abc951@gmail.com,abc,def,9800000952,2022-11-11 10:43:21 +0000 UTC,951
abc952@gmail.com,abc,def,9800000953,2022-11-11 10:43:21 +0000 UTC,952
abc953@gmail.com,abc,def,9800000954,2022-11-11 10:43:21 +0000 UTC,953
abc954@gmail.com,abc,def,9800000955,2022-11-11 10:43:21 +0000 UTC,954
abc955@gmail.com,abc,def,9800000956,2022-11-11 10:43:21 +0000 UTC,955
abc956@gmail.com,abc,def,9800000957,2022-11-11 10:43:21 +0000 UTC,956
abc957@gmail.com,abc,def,9800000958,2022-11-11 10:43:21 +0000 UTC,957
abc958@gmail.com,abc,def,9800000959,2022-11-11 10:43:21 +0000 UTC,958
abc959@gmail.com,abc,def,9800000960,2022-11-11 10:43:21 +0000 UTC,959
abc960@gmail.com,abc,def,9800000961,2022-11-11 10:43:21 +0000 UTC,960
abc961@gmail.com,abc,def,9800000962,2022-11-11 10:43:21 +0000 UTC,961
abc962@gmail.com,abc,def,9800000963,2022-11-11 10:43:21 +0000 UTC,962
abc963@gmail.com,abc,def,9800000964,2022-11-11 10:43:21 +0000 UTC,963
abc964@gmail.com,abc,def,9800000965,2022-11-11 10:43:21 +0000 UTC,964
abc965@gmail.com,abc,def,9800000966,2022-11-11 10:43:21 +0000 UTC,965
abc966@gmail.com,abc,def,9800000967,2022-11-11 10:43:21 +0000 UTC,966
abc967@gmail.com,abc,def,9800000968,2022-11-11 10:43:21 +0000 UTC,967
abc968@gmail.com,abc,def,9800000969,2022-11-11 10:43:21 +0000 UTC,968
abc969@gmail.com,abc,def,9800000970,2022-11-11 10:43:21 +0000 UTC,969
abc970@gmail.com,abc,def,9800000971,2022-11-11 10:43:21 +0000 UTC,970
abc971@gmail.com,abc,def,9800000972,2022-11-11 10:43:21 +0000 UTC,971
abc972@gmail.com,abc,def,9800000973,2022-11-11 10:43:21 +0000 UTC,972
abc973@gmail.com,abc,def,9800000974,2022-11-11 10:43:21 +0000 UTC,973
abc974@gmail.com,abc,def,9800000975,2022-11-11 10:43:21 +0000 UTC,974
abc975@gmail.com,abc,def,9800000976,2022-11-11 10:43:21 +0000 UTC,975
abc976@gmail.com,abc,def,9800000977,2022-11-11 10:43:21 +0000 UTC,976
abc977@gmail.com,abc,def,9800000978,2022-11-11 10:43:21 +0000 UTC,977
abc978@gmail.com,abc,def,9800000979,2022-11-11 10:43:21 +0000 UTC,978
abc979@gmail.com,abc,def,9800000980,2022-11-11 10:43:21 +0000 UTC,979
abc980@gmail.com,abc,def,9800000981,2022-11-11 10:43:21 +0000 UTC,980
abc981@gmail.com,abc,def,9800000982,2022-11-11 10:43:21 +0000 UTC,981
abc982@gmail.com,abc,def,9800000983,2022-11-11 10:43:21 +0000 UTC,982
abc983@gmail.com,abc,def,9800000984,2022-11-11 10:43:21 +0000 UTC,983
abc984@gmail.com,abc,def,9800000985,2022-11-11 10:43:21 +0000 UTC,984
abc985@gmail.com,abc,def,9800000986,2022-11-11 10:43:21 +0000 UTC,985
abc986@gmail.com,abc,def,9800000987,2022-11-11 10:43:21 +0000 UTC,986
abc987@gmail.com,abc,def,9800000988,2022-11-11 10:43:21 +0000 UTC,987
abc988@gmail.com,abc,def,9800000989,2022-11-11 10:43:21 +0000 UTC,988
abc989@gmail.com,abc,def,9800000990,2022-11-11 10:43:21 +0000 UTC,989
abc990@gmail.com,abc,def,9800000991,2022-11-11 10:43:21 +0000 UTC,990
abc991@gmail.com,abc,def,9800000992,2022-11-11 10:43:21 +0000 UTC,991
abc992@gmail.com,abc,def,9800000993,2022-11-11 10:43:21 +0000 UTC,992
abc993@gmail.com,abc,def,9800000994,2022-11-11 10:43:21 +0000 UTC,993
abc994@gmail.com,abc,def,9800000995,2022-11-11 10:43:21 +0000 UTC,994
abc995@gmail.com,abc,def,9800000996,2022-11-11 10:43:21 +0000 UTC,995
abc996@gmail.com,abc,def,9800000997,2022-11-11 10:43:21 +0000 UTC,996
abc997@gmail.com,abc,def,9800000998,2022-11-11 10:43:21 +0000 UTC,997
abc998@gmail.com,abc,def,9800000999,2022-11-11 10:43:21 +0000 UTC,998
abc999@gmail.com,abc,def,9800001000,2022-11-11 10:43:21 +0000 UTC,999
abc1000@gmail.com,abc,def,9800001001,2022-11-11 10:43:21 +0000 UTC,1000
abc1001@gmail.com,abc,def,9800001002,2022-11-11 10:43:21 +0000 UTC,1001
abc1002@gmail.com,abc,def,9800001003,2022-11-11 10:43:21 +0000 UTC,1002
abc1003@gmail.com,abc,def,9800001004,2022-11-11 10:43:21 +0000 UTC,1003
abc1004@gmail.com,abc,def,9800001005,2022-11-11 10:43:21 +0000 UTC,1004
abc1005@gmail.com,abc,def,9800001006,2022-11-11 10:43:21 +0000 UTC,1005
abc1006@gmail.com,abc,def,9800001007,2022-11-11 10:43:21 +0000 UTC,1006
abc1007@gmail.com,abc,def,9800001008,2022-11-11 10:43:21 +0000 UTC,1007
abc1008@gmail.com,abc,def,9800001009,2022-11-11 10:43:21 +0000 UTC,1008
abc1009@gmail.com,abc,def,9800001010,2022-11-11 10:43:21 +0000 UTC,1009
abc1010@gmail.com,abc,def,9800001011,2022-11-11 10:43:21 +0000 UTC,1010
abc1011@gmail.com,abc,def,9800001012,2022-11-11 10:43:21 +0000 UTC,1011
abc1012@gmail.com,abc,def,9800001013,2022-11-11 10:43:21 +0000 UTC,1012
abc1013@gmail.com,abc,def,9800001014,2022-11-11 10:43:21 +0000 UTC,1013
abc1014@gmail.com,abc,def,9800001015,2022-11-11 10:43:21 +0000 UTC,1014
abc1015@gmail.com,abc,def,9800001016,2022-11-11 10:43:21 +0000 UTC,1015
abc1016@gmail.com,abc,def,9800001017,2022-11-11 10:43:21 +0000 UTC,1016
abc1017@gmail.com,abc,def,9800001018,2022-11-11 10:43:21 +0000 UTC,1017
abc1018@gmail.com,abc,def,9800001019,2022-11-11 10:43:21 +0000 UTC,1018
abc1019@gmail.com,abc,def,9800001020,2022-11-11 10:43:21 +0000 UTC,1019
abc1020@gmail.com,abc,def,9800001021,2022-11-11 10:43:21 +0000 UTC,1020
abc1021@gmail.com,abc,def,9800001022,2022-11-11 10:43:21 +0000 UTC,1021
abc1022@gmail.com,abc,def,9800001023,2022-11-11 10:43:21 +0000 UTC,1022
abc1023@gmail.com,abc,def,9800001024,2022-11-11 10:43:21 +0000 UTC,1023
abc1024@gmail.com,abc,def,9800001025,2022-11-11 10:43:21 +0000 UTC,1024
abc1025@gmail.com,abc,def,9800001026,2022-11-11 10:43:21 +0000 UTC,1025
abc1026@gmail.com,abc,def,9800001027,2022-11-11 10:43:21 +0000 UTC,1026
abc1027@gmail.com,abc,def,9800001028,2022-11-11 10:43:21 +0000 UTC,1027
abc1028@gmail.com,abc,def,9800001029,2022-11-11 10:43:21 +0000 UTC,1028
abc1029@gmail.com,abc,def,9800001030,2022-11-11 10:43:21 +0000 UTC,1029
abc1030@gmail.com,abc,def,9800001031,2022-11-11 10:43:21 +0000 UTC,1030
abc1031@gmail.com,abc,def,9800001032,2022-11-11 10:43:21 +0000 UTC,1031
abc1032@gmail.com,abc,def,9800001033,2022-11-11 10:43:21 +0000 UTC,1032
abc1033@gmail.com,abc,def,9800001034,2022-11-11 10:43:21 +0000 UTC,1033
abc1034@gmail.com,abc,def,9800001035,2022-11-11 10:43:21 +0000 UTC,1034
abc1035@gmail.com,abc,def,9800001036,2022-11-11 10:43:21 +0000 UTC,1035
abc1036@gmail.com,abc,def,9800001037,2022-11-11 10:43:21 +0000 UTC,1036
abc1037@gmail.com,abc,def,9800001038,2022-11-11 10:43:21 +0000 UTC,1037
abc1038@gmail.com,abc,def,9800001039,2022-11-11 10:43:21 +0000 UTC,1038
abc1039@gmail.com,abc,def,9800001040,2022-11-11 10:43:21 +0000 UTC,1039
abc1040@gmail.com,abc,def,9800001041,2022-11-11 10:43:21 +0000 UTC,1040
abc1041@gmail.com,abc,def,9800001042,2022-11-11 10:43:21 +0000 UTC,1041
abc1042@gmail.com,abc,def,9800001043,2022-11-11 10:43:21 +0000 UTC,1042
abc1043@gmail.com,abc,def,9800001044,2022-11-11 10:43:21 +0000 UTC,1043
abc1044@gmail.com,abc,def,9800001045,2022-11-11 10:43:21 +0000 UTC,1044
abc1045@gmail.com,abc,def,9800001046,2022-11-11 10:43:21 +0000 UTC,1045
abc1046@gmail.com,abc,def,9800001047,2022-11-11 10:43:21 +0000 UTC,1046
abc1047@gmail.com,abc,def,9800001048,2022-11-11 10:43:21 +0000 UTC,1047
abc1048@gmail.com,abc,def,9800001049,2022-11-11 10:43:21 +0000 UTC,1048
abc1049@gmail.com,abc,def,9800001050,2022-11-11 10:43:21 +0000 UTC,1049
abc1050@gmail.com,abc,def,9800001051,2022-11-11 10:43:21 +0000 UTC,1050
abc1051@gmail.com,abc,def,9800001052,2022-11-11 10:43:21 +0000 UTC,1051
abc1052@gmail.com,abc,def,9800001053,2022-11-11 10:43:21 +0000 UTC,1052
abc1053@gmail.com,abc,def,9800001054,2022-11-11 10:43:21 +0000 UTC,1053
abc1054@gmail.com,abc,def,9800001055,2022-11-11 10:43:21 +0000 UTC,1054
abc1055@gmail.com,abc,def,9800001056,2022-11-11 10:43:21 +0000 UTC,1055
abc1056@gmail.com,abc,def,9800001057,2022-11-11 10:43:21 +0000 UTC,1056
abc1057@gmail.com,abc,def,9800001058,2022-11-11 10:43:21 +0000 UTC,1057
abc1058@gmail.com,abc,def,9800001059,2022-11-11 10:43:21 +0000 UTC,1058
abc1059@gmail.com,abc,def,9800001060,2022-11-11 10:43:21 +0000 UTC,1059
abc1060@gmail.com,abc,def,9800001061,2022-11-11 10:43:21 +0000 UTC,1060
abc1061@gmail.com,abc,def,9800001062,2022-11-11 10:43:21 +0000 UTC,1061
abc1062@gmail.com,abc,def,9800001063,2022-11-11 10:43:21 +0000 UTC,1062
abc1063@gmail.com,abc,def,9800001064,2022-11-11 10:43:21 +0000 UTC,1063
abc1064@gmail.com,abc,def,9800001065,2022-11-11 10:43:21 +0000 UTC,1064
abc1065@gmail.com,abc,def,9800001066,2022-11-11 10:43:21 +0000 UTC,1065
abc1066@gmail.com,abc,def,9800001067,2022-11-11 10:43:21 +0000 UTC,1066
abc1067@gmail.com,abc,def,9800001068,2022-11-11 10:43:21 +0000 UTC,1067
abc1068@gmail.com,abc,def,9800001069,2022-11-11 10:43:21 +0000 UTC,1068
abc1069@gmail.com,abc,def,9800001070,2022-11-11 10:43:21 +0000 UTC,1069
abc1070@gmail.com,abc,def,9800001071,2022-11-11 10:43:21 +0000 UTC,1070
abc1071@gmail.com,abc,def,9800001072,2022-11-11 10:43:21 +0000 UTC,1071
abc1072@gmail.com,abc,def,9800001073,2022-11-11 10:43:21 +0000 UTC,1072
abc1073@gmail.com,abc,def,9800001074,2022-11-11 10:43:21 +0000 UTC,1073
abc1074@gmail.com,abc,def,9800001075,2022-11-11 10:43:21 +0000 UTC,1074
abc1075@gmail.com,abc,def,9800001076,2022-11-11 10:43:21 +0000 UTC,1075
abc1076@gmail.com,abc,def,9800001077,2022-11-11 10:43:21 +0000 UTC,1076
abc1077@gmail.com,abc,def,9800001078,2022-11-11 10:43:21 +0000 UTC,1077
abc1078@gmail.com,abc,def,9800001079,2022-11-11 10:43:21 +0000 UTC,1078
abc1079@gmail.com,abc,def,9800001080,2022-11-11 10:43:21 +0000 UTC,1079
abc1080@gmail.com,abc,def,9800001081,2022-11-11 10:43:21 +0000 UTC,1080
abc1081@gmail.com,abc,def,9800001082,2022-11-11 10:43:21 +0000 UTC,1081
abc1082@gmail.com,abc,def,9800001083,2022-11-11 10:43:21 +0000 UTC,1082
abc1083@gmail.com,abc,def,9800001084,2022-11-11 10:43:21 +0000 UTC,1083
abc1084@gmail.com,abc,def,9800001085,2022-11-11 10:43:21 +0000 UTC,1084
abc1085@gmail.com,abc,def,9800001086,2022-11-11 10:43:21 +0000 UTC,1085
abc1086@gmail.com,abc,def,9800001087,2022-11-11 10:43:21 +0000 UTC,1086
abc1087@gmail.com,abc,def,9800001088,2022-11-11 10:43:21 +0000 UTC,1087
abc1088@gmail.com,abc,def,9800001089,2022-11-11 10:43:21 +0000 UTC,1088
abc1089@gmail.com,abc,def,9800001090,2022-11-11 10:43:21 +0000 UTC,1089
abc1090@gmail.com,abc,def,9800001091,2022-11-11 10:43:21 +0000 UTC,1090
abc1091@gmail.com,abc,def,9800001092,2022-11-11 10:43:21 +0000 UTC,1091
abc1092@gmail.com,abc,def,9800001093,2022-11-11 10:43:21 +0000 UTC,1092
abc1093@gmail.com,abc,def,9800001094,2022-11-11 10:43:21 +0000 UTC,1093
abc1094@gmail.com,abc,def,9800001095,2022-11-11 10:43:21 +0000 UTC,1094
abc1095@gmail.com,abc,def,9800001096,2022-11-11 10:43:21 +0000 UTC,1095
abc1096@gmail.com,abc,def,9800001097,2022-11-11 10:43:21 +0000 UTC,1096
abc1097@gmail.com,abc,def,9800001098,2022-11-11 10:43:21 +0000 UTC,1097
abc1098@gmail.com,abc,def,9800001099,2022-11-11 10:43:21 +0000 UTC,1098
abc1099@gmail.com,abc,def,9800001100,2022-11-11 10:43:21 +0000 UTC,1099
abc1100@gmail.com,abc,def,9800001101,2022-11-11 10:43:21 +0000 UTC,1100
abc1101@gmail.com,abc,def,9800001102,2022-11-11 10:43:21 +0000 UTC,1101
abc1102@gmail.com,abc,def,9800001103,2022-11-11 10:43:21 +0000 UTC,1102
abc1103@gmail.com,abc,def,9800001104,2022-11-11 10:43:21 +0000 UTC,1103
abc1104@gmail.com,abc,def,9800001105,2022-11-11 10:43:21 +0000 UTC,1104
abc1105@gmail.com,abc,def,9800001106,2022-11-11 10:43:21 +0000 UTC,1105
abc1106@gmail.com,abc,def,9800001107,2022-11-11 10:43:21 +0000 UTC,1106
abc1107@gmail.com,abc,def,9800001108,2022-11-11 10:43:21 +0000 UTC,1107
abc1108@gmail.com,abc,def,9800001109,2022-11-11 10:43:21 +0000 UTC,1108
abc1109@gmail.com,abc,def,9800001110,2022-11-11 10:43:21 +0000 UTC,1109
abc1110@gmail.com,abc,def,9800001111,2022-11-11 10:43:21 +0000 UTC,1110
abc1111@gmail.com,abc,def,9800001112,2022-11-11 10:43:21 +0000 UTC,1111
abc1112@gmail.com,abc,def,9800001113,2022-11-11 10:43:21 +0000 UTC,1112
abc1113@gmail.com,abc,def,9800001114,2022-11-11 10:43:21 +0000 UTC,1113
abc1114@gmail.com,abc,def,9800001115,2022-11-11 10:43:21 +0000 UTC,1114
abc1115@gmail.com,abc,def,9800001116,2022-11-11 10:43:21 +0000 UTC,1115
abc1116@gmail.com,abc,def,9800001117,2022-11-11 10:43:21 +0000 UTC,1116
abc1117@gmail.com,abc,def,9800001118,2022-11-11 10:43:21 +0000 UTC,1117
abc1118@gmail.com,abc,def,9800001119,2022-11-11 10:43:21 +0000 UTC,1118
abc1119@gmail.com,abc,def,9800001120,2022-11-11 10:43:21 +0000 UTC,1119
abc1120@gmail.com,abc,def,9800001121,2022-11-11 10:43:21 +0000 UTC,1120
abc1121@gmail.com,abc,def,9800001122,2022-11-11 10:43:21 +0000 UTC,1121
abc1122@gmail.com,abc,def,9800001123,2022-11-11 10:43:21 +0000 UTC,1122
abc1123@gmail.com,abc,def,9800001124,2022-11-11 10:43:21 +0000 UTC,1123
abc1124@gmail.com,abc,def,9800001125,2022-11-11 10:43:21 +0000 UTC,1124
abc1125@gmail.com,abc,def,9800001126,2022-11-11 10:43:21 +0000 UTC,1125
abc1126@gmail.com,abc,def,9800001127,2022-11-11 10:43:21 +0000 UTC,1126
abc1127@gmail.com,abc,def,9800001128,2022-11-11 10:43:21 +0000 UTC,1127
abc1128@gmail.com,abc,def,9800001129,2022-11-11 10:43:21 +0000 UTC,1128
abc1129@gmail.com,abc,def,9800001130,2022-11-11 10:43:21 +0000 UTC,1129
abc1130@gmail.com,abc,def,9800001131,2022-11-11 10:43:21 +0000 UTC,1130
abc1131@gmail.com,abc,def,9800001132,2022-11-11 10:43:21 +0000 UTC,1131
abc1132@gmail.com,abc,def,9800001133,2022-11-11 10:43:21 +0000 UTC,1132
abc1133@gmail.com,abc,def,9800001134,2022-11-11 10:43:21 +0000 UTC,1133
abc1134@gmail.com,abc,def,9800001135,2022-11-11 10:43:21 +0000 UTC,1134
abc1135@gmail.com,abc,def,9800001136,2022-11-11 10:43:21 +0000 UTC,1135
abc1136@gmail.com,abc,def,9800001137,2022-11-11 10:43:21 +0000 UTC,1136
abc1137@gmail.com,abc,def,9800001138,2022-11-11 10:43:21 +0000 UTC,1137
abc1138@gmail.com,abc,def,9800001139,2022-11-11 10:43:21 +0000 UTC,1138
abc1139@gmail.com,abc,def,9800001140,2022-11-11 10:43:21 +0000 UTC,1139
abc1140@gmail.com,abc,def,9800001141,2022-11-11 10:43:21 +0000 UTC,1140
abc1141@gmail.com,abc,def,9800001142,2022-11-11 10:43:21 +0000 UTC,1141
abc1142@gmail.com,abc,def,9800001143,2022-11-11 10:43:21 +0000 UTC,1142
abc1143@gmail.com,abc,def,9800001144,2022-11-11 10:43:21 +0000 UTC,1143
abc1144@gmail.com,abc,def,9800001145,2022-11-11 10:43:21 +0000 UTC,1144
abc1145@gmail.com,abc,def,9800001146,2022-11-11 10:43:21 +0000 UTC,1145
abc1146@gmail.com,abc,def,9800001147,2022-11-11 10:43:21 +0000 UTC,1146
abc1147@gmail.com,abc,def,9800001148,2022-11-11 10:43:21 +0000 UTC,1147
abc1148@gmail.com,abc,def,9800001149,2022-11-11 10:43:21 +0000 UTC,1148
abc1149@gmail.com,abc,def,9800001150,2022-11-11 10:43:21 +0000 UTC,1149
abc1150@gmail.com,abc,def,9800001151,2022-11-11 10:43:21 +0000 UTC,1150
abc1151@gmail.com,abc,def,9800001152,2022-11-11 10:43:21 +0000 UTC,1151
abc1152@gmail.com,abc,def,9800001153,2022-11-11 10:43:21 +0000 UTC,1152
abc1153@gmail.com,abc,def,9800001154,2022-11-11 10:43:21 +0000 UTC,1153
abc1154@gmail.com,abc,def,9800001155,2022-11-11 10:43:21 +0000 UTC,1154
abc1155@gmail.com,abc,def,9800001156,2022-11-11 10:43:21 +0000 UTC,1155
abc1156@gmail.com,abc,def,9800001157,2022-11-11 10:43:21 +0000 UTC,1156
abc1157@gmail.com,abc,def,9800001158,2022-11-11 10:43:21 +0000 UTC,1157
abc1158@gmail.com,abc,def,9800001159,2022-11-11 10:43:21 +0000 UTC,1158
abc1159@gmail.com,abc,def,9800001160,2022-11-11 10:43:21 +0000 UTC,1159
abc1160@gmail.com,abc,def,9800001161,2022-11-11 10:43:21 +0000 UTC,1160
abc1161@gmail.com,abc,def,9800001162,2022-11-11 10:43:21 +0000 UTC,1161
abc1162@gmail.com,abc,def,9800001163,2022-11-11 10:43:21 +0000 UTC,1162
abc1163@gmail.com,abc,def,9800001164,2022-11-11 10:43:21 +0000 UTC,1163
abc1164@gmail.com,abc,def,9800001165,2022-11-11 10:43:21 +0000 UTC,1164
abc1165@gmail.com,abc,def,9800001166,2022-11-11 10:43:21 +0000 UTC,1165
abc1166@gmail.com,abc,def,9800001167,2022-11-11 10:43:21 +0000 UTC,1166
abc1167@gmail.com,abc,def,9800001168,2022-11-11 10:43:21 +0000 UTC,1167
abc1168@gmail.com,abc,def,9800001169,2022-11-11 10:43:21 +0000 UTC,1168
abc1169@gmail.com,abc,def,9800001170,2022-11-11 10:43:21 +0000 UTC,1169
abc1170@gmail.com,abc,def,9800001171,2022-11-11 10:43:21 +0000 UTC,1170
abc1171@gmail.com,abc,def,9800001172,2022-11-11 10:43:21 +0000 UTC,1171
abc1172@gmail.com,abc,def,9800001173,2022-11-11 10:43:21 +0000 UTC,1172
abc1173@gmail.com,abc,def,9800001174,2022-11-11 10:43:21 +0000 UTC,1173
abc1174@gmail.com,abc,def,9800001175,2022-11-11 10:43:21 +0000 UTC,1174
abc1175@gmail.com,abc,def,9800001176,2022-11-11 10:43:21 +0000 UTC,1175
abc1176@gmail.com,abc,def,9800001177,2022-11-11 10:43:21 +0000 UTC,1176
abc1177@gmail.com,abc,def,9800001178,2022-11-11 10:43:21 +0000 UTC,1177
abc1178@gmail.com,abc,def,9800001179,2022-11-11 10:43:21 +0000 UTC,1178
abc1179@gmail.com,abc,def,9800001180,2022-11-11 10:43:21 +0000 UTC,1179
abc1180@gmail.com,abc,def,9800001181,2022-11-11 10:43:21 +0000 UTC,1180
abc1181@gmail.com,abc,def,9800001182,2022-11-11 10:43:21 +0000 UTC,1181
abc1182@gmail.com,abc,def,9800001183,2022-11-11 10:43:21 +0000 UTC,1182
abc1183@gmail.com,abc,def,9800001184,2022-11-11 10:43:21 +0000 UTC,1183
abc1184@gmail.com,abc,def,9800001185,2022-11-11 10:43:21 +0000 UTC,1184
abc1185@gmail.com,abc,def,9800001186,2022-11-11 10:43:21 +0000 UTC,1185
abc1186@gmail.com,abc,def,9800001187,2022-11-11 10:43:21 +0000 UTC,1186
abc1187@gmail.com,abc,def,9800001188,2022-11-11 10:43:21 +0000 UTC,1187
abc1188@gmail.com,abc,def,9800001189,2022-11-11 10:43:21 +0000 UTC,1188
abc1189@gmail.com,abc,def,9800001190,2022-11-11 10:43:21 +0000 UTC,1189
abc1190@gmail.com,abc,def,9800001191,2022-11-11 10:43:21 +0000 UTC,1190
abc1191@gmail.com,abc,def,9800001192,2022-11-11 10:43:21 +0000 UTC,1191
abc1192@gmail.com,abc,def,9800001193,2022-11-11 10:43:21 +0000 UTC,1192
abc1193@gmail.com,abc,def,9800001194,2022-11-11 10:43:21 +0000 UTC,1193
abc1194@gmail.com,abc,def,9800001195,2022-11-11 10:43:21 +0000 UTC,1194
abc1195@gmail.com,abc,def,9800001196,2022-11-11 10:43:21 +0000 UTC,1195
abc1196@gmail.com,abc,def,9800001197,2022-11-11 10:43:21 +0000 UTC,1196
abc1197@gmail.com,abc,def,9800001198,2022-11-11 10:43:21 +0000 UTC,1197
abc1198@gmail.com,abc,def,9800001199,2022-11-11 10:43:21 +0000 UTC,1198
abc1199@gmail.com,abc,def,9800001200,2022-11-11 10:43:21 +0000 UTC,1199
abc1200@gmail.com,abc,def,9800001201,2022-11-11 10:43:21 +0000 UTC,1200
abc1201@gmail.com,abc,def,9800001202,2022-11-11 10:43:21 +0000 UTC,1201
abc1202@gmail.com,abc,def,9800001203,2022-11-11 10:43:21 +0000 UTC,1202
abc1203@gmail.com,abc,def,9800001204,2022-11-11 10:43:21 +0000 UTC,1203
abc1204@gmail.com,abc,def,9800001205,2022-11-11 10:43:21 +0000 UTC,1204
abc1205@gmail.com,abc,def,9800001206,2022-11-11 10:43:21 +0000 UTC,1205
abc1206@gmail.com,abc,def,9800001207,2022-11-11 10:43:21 +0000 UTC,1206
abc1207@gmail.com,abc,def,9800001208,2022-11-11 10:43:21 +0000 UTC,1207
abc1208@gmail.com,abc,def,9800001209,2022-11-11 10:43:21 +0000 UTC,1208
abc1209@gmail.com,abc,def,9800001210,2022-11-11 10:43:21 +0000 UTC,1209
abc1210@gmail.com,abc,def,9800001211,2022-11-11 10:43:21 +0000 UTC,1210
abc1211@gmail.com,abc,def,9800001212,2022-11-11 10:43:21 +0000 UTC,1211
abc1212@gmail.com,abc,def,9800001213,2022-11-11 10:43:21 +0000 UTC,1212
abc1213@gmail.com,abc,def,9800001214,2022-11-11 10:43:21 +0000 UTC,1213
abc1214@gmail.com,abc,def,9800001215,2022-11-11 10:43:21 +0000 UTC,1214
abc1215@gmail.com,abc,def,9800001216,2022-11-11 10:43:21 +0000 UTC,1215
abc1216@gmail.com,abc,def,9800001217,2022-11-11 10:43:21 +0000 UTC,1216
abc1217@gmail.com,abc,def,9800001218,2022-11-11 10:43:21 +0000 UTC,1217
abc1218@gmail.com,abc,def,9800001219,2022-11-11 10:43:21 +0000 UTC,1218
abc1219@gmail.com,abc,def,9800001220,2022-11-11 10:43:21 +0000 UTC,1219
abc1220@gmail.com,abc,def,9800001221,2022-11-11 10:43:21 +0000 UTC,1220
abc1221@gmail.com,abc,def,9800001222,2022-11-11 10:43:21 +0000 UTC,1221
abc1222@gmail.com,abc,def,9800001223,2022-11-11 10:43:21 +0000 UTC,1222
abc1223@gmail.com,abc,def,9800001224,2022-11-11 10:43:21 +0000 UTC,1223
abc1224@gmail.com,abc,def,9800001225,2022-11-11 10:43:21 +0000 UTC,1224
abc1225@gmail.com,abc,def,9800001226,2022-11-11 10:43:21 +0000 UTC,1225
abc1226@gmail.com,abc,def,9800001227,2022-11-11 10:43:21 +0000 UTC,1226
abc1227@gmail.com,abc,def,9800001228,2022-11-11 10:43:21 +0000 UTC,1227
abc1228@gmail.com,abc,def,9800001229,2022-11-11 10:43:21 +0000 UTC,1228
abc1229@gmail.com,abc,def,9800001230,2022-11-11 10:43:21 +0000 UTC,1229
abc1230@gmail.com,abc,def,9800001231,2022-11-11 10:43:21 +0000 UTC,1230
abc1231@gmail.com,abc,def,9800001232,2022-11-11 10:43:21 +0000 UTC,1231
abc1232@gmail.com,abc,def,9800001233,2022-11-11 10:43:21 +0000 UTC,1232
abc1233@gmail.com,abc,def,9800001234,2022-11-11 10:43:21 +0000 UTC,1233
abc1234@gmail.com,abc,def,9800001235,2022-11-11 10:43:21 +0000 UTC,1234
abc1235@gmail.com,abc,def,9800001236,2022-11-11 10:43:21 +0000 UTC,1235
abc1236@gmail.com,abc,def,9800001237,2022-11-11 10:43:21 +0000 UTC,1236
abc1237@gmail.com,abc,def,9800001238,2022-11-11 10:43:21 +0000 UTC,1237
abc1238@gmail.com,abc,def,9800001239,2022-11-11 10:43:21 +0000 UTC,1238
abc1239@gmail.com,abc,def,9800001240,2022-11-11 10:43:21 +0000 UTC,1239
abc1240@gmail.com,abc,def,9800001241,2022-11-11 10:43:21 +0000 UTC,1240
abc1241@gmail.com,abc,def,9800001242,2022-11-11 10:43:21 +0000 UTC,1241
abc1242@gmail.com,abc,def,9800001243,2022-11-11 10:43:21 +0000 UTC,1242
abc1243@gmail.com,abc,def,9800001244,2022-11-11 10:43:21 +0000 UTC,1243
abc1244@gmail.com,abc,def,9800001245,2022-11-11 10:43:21 +0000 UTC,1244
abc1245@gmail.com,abc,def,9800001246,2022-11-11 10:43:21 +0000 UTC,1245
abc1246@gmail.com,abc,def,9800001247,2022-11-11 10:43:21 +0000 UTC,1246
abc1247@gmail.com,abc,def,9800001248,2022-11-11 10:43:21 +0000 UTC,1247
abc1248@gmail.com,abc,def,9800001249,2022-11-11 10:43:21 +0000 UTC,1248
abc1249@gmail.com,abc,def,9800001250,2022-11-11 10:43:21 +0000 UTC,1249
